ubigeo,el,n,n_puntos,pct_sobre_a1,pct_sobre_cat3,max,med_detectado,anio_min,anio_max
010101,as,3,3,0.0,0.0,0.001,,2024,2024
010101,cd,3,3,0.0,0.0,0.0002,,2024,2024
010101,hg,3,3,0.0,0.0,0.0001,,2024,2024
010101,pb,3,3,0.0,0.0,0.001,,2024,2024
010107,as,1,1,0.0,0.0,0.001,,2024,2024
010107,cd,1,1,0.0,0.0,0.0002,,2024,2024
010107,hg,1,1,0.0,0.0,0.0001,,2024,2024
010107,pb,1,1,0.0,0.0,0.001,,2024,2024
010205,as,178,128,7.9,3.9,2305.0,0.00242,2016,2023
010205,cd,181,131,2.8,0.6,0.019,0.00103,2016,2025
010205,hg,180,131,0.6,0.6,0.01657,0.0001,2016,2025
010205,pb,180,131,15.0,0.6,0.089,0.006500000000000001,2016,2025
010301,as,2,2,0.0,0.0,0.00045,0.00038500000000000003,2019,2019
010301,cd,2,2,0.0,0.0,1e-05,1e-05,2019,2019
010301,hg,2,2,0.0,0.0,7e-05,7e-05,2019,2019
010301,pb,2,2,0.0,0.0,0.00068,0.0005,2019,2019
010305,as,2,2,0.0,0.0,0.008,,2015,2016
010305,cd,2,2,0.0,0.0,0.001,,2015,2016
010305,hg,1,1,0.0,0.0,0.0001,,2016,2016
010305,pb,2,2,0.0,0.0,0.001,,2015,2016
010306,as,1,1,0.0,0.0,0.00099,0.00099,2019,2019
010306,cd,1,1,0.0,0.0,5e-05,5e-05,2019,2019
010306,hg,1,1,0.0,0.0,7e-05,,2019,2019
010306,pb,1,1,0.0,0.0,0.00125,0.00125,2019,2019
010310,as,22,16,4.5,0.0,0.055,0.031,2015,2017
010310,cd,23,17,0.0,0.0,0.001,0.001,2015,2017
010310,hg,14,9,0.0,0.0,0.001,,2016,2017
010310,pb,23,17,0.0,0.0,0.007,0.005,2015,2017
010312,as,24,24,0.0,0.0,0.007,0.00042,2015,2024
010312,cd,24,24,8.3,0.0,0.0054,0.00017,2015,2024
010312,hg,24,24,0.0,0.0,0.0001,,2015,2024
010312,pb,24,24,8.3,0.0,0.03165,0.0012,2015,2024
010401,as,153,139,0.7,0.7,100.0,0.0029,2015,2025
010401,cd,213,199,1.9,1.9,28.378,0.00059,2015,2026
010401,hg,212,198,1.9,1.9,100.0,0.0001,2015,2026
010401,pb,212,198,2.8,1.9,19.0,0.002,2015,2026
010403,as,1,1,0.0,0.0,0.00495,0.00495,2024,2024
010403,cd,5,5,0.0,0.0,0.0009,0.00055,2024,2025
010403,hg,5,5,0.0,0.0,0.0001,,2024,2025
010403,pb,5,5,40.0,0.0,0.0136,0.006,2024,2025
010604,as,4,4,0.0,0.0,0.0015,0.00082,2021,2021
010604,cd,4,4,0.0,0.0,0.00036,0.00018500000000000002,2021,2021
010604,hg,4,4,0.0,0.0,7e-05,,2021,2021
010604,pb,4,4,0.0,0.0,0.00206,0.0003,2021,2021
010607,as,3,3,0.0,0.0,0.001,,2022,2022
010607,cd,3,3,0.0,0.0,0.0002,,2022,2022
010607,hg,3,3,0.0,0.0,0.0001,,2022,2022
010607,pb,3,3,33.3,33.3,10.0,,2022,2022
020101,as,1,1,100.0,0.0,0.0736,0.0736,2018,2018
020101,cd,1,1,0.0,0.0,0.00067,0.00067,2018,2018
020101,hg,1,1,0.0,0.0,3e-05,,2018,2018
020101,pb,1,1,100.0,0.0,0.0245,0.0245,2018,2018
020102,as,2,2,50.0,0.0,0.0121,0.0063999999999999994,2015,2015
020102,cd,2,2,0.0,0.0,0.0002,,2015,2015
020102,hg,2,2,0.0,0.0,0.0001,,2015,2015
020102,pb,2,2,0.0,0.0,0.0016,0.0011,2015,2015
020105,as,50,28,12.0,0.0,0.029,0.00125,2015,2024
020105,cd,50,28,10.0,2.0,0.7183,0.00132,2015,2024
020105,hg,48,27,0.0,0.0,0.0002,0.0002,2015,2024
020105,pb,50,28,4.0,2.0,0.0794,0.0026,2015,2024
020106,as,32,27,6.2,0.0,0.0306,0.00135,2015,2024
020106,cd,32,27,62.5,53.1,0.8686,0.15077,2015,2024
020106,hg,29,25,0.0,0.0,0.00033,0.000245,2015,2024
020106,pb,32,27,50.0,31.2,0.3068,0.04455,2015,2024
020110,as,5,5,0.0,0.0,0.00243,0.00243,2013,2017
020110,cd,3,3,33.3,33.3,0.0167,0.0167,2015,2017
020110,hg,5,5,0.0,0.0,0.00034,0.000315,2013,2017
020110,pb,4,4,25.0,0.0,0.021,0.021,2013,2017
020112,as,1,1,100.0,0.0,0.02,0.02,2015,2015
020112,cd,1,1,0.0,0.0,0.001,0.001,2015,2015
020112,hg,1,1,0.0,0.0,0.0001,,2015,2015
020112,pb,1,1,0.0,0.0,0.001,,2015,2015
020201,as,127,76,60.6,18.1,3.149,0.02509,2015,2024
020201,cd,132,80,62.9,57.6,0.778,0.0739,2015,2026
020201,hg,132,79,0.0,0.0,0.001,8.5e-05,2015,2026
020201,pb,133,80,50.4,36.1,3.232,0.0364,2015,2026
020204,as,1,1,0.0,0.0,0.001,,2022,2022
020204,cd,1,1,0.0,0.0,0.0002,,2022,2022
020204,hg,1,1,0.0,0.0,0.0001,,2022,2022
020204,pb,1,1,0.0,0.0,0.001,,2022,2022
020501,as,2,2,0.0,0.0,0.00725,0.007,2018,2018
020501,cd,2,2,0.0,0.0,1e-05,,2018,2018
020501,hg,2,2,0.0,0.0,3e-05,,2018,2018
020501,pb,2,2,0.0,0.0,0.0009,0.0007999999999999999,2018,2018
020504,as,52,35,34.6,0.0,0.0901,0.00704,2013,2021
020504,cd,52,35,1.9,1.9,0.0112,0.00051,2013,2021
020504,hg,52,35,13.5,13.5,1.0,0.0001,2013,2021
020504,pb,52,35,7.7,3.8,0.093,0.0017,2013,2021
020505,as,9,6,0.0,0.0,0.007,0.0035,2016,2022
020505,cd,9,6,0.0,0.0,0.001,,2016,2022
020505,hg,9,6,0.0,0.0,0.0001,0.0001,2016,2022
020505,pb,9,6,0.0,0.0,0.00125,0.00091,2016,2022
020508,as,125,66,7.2,0.0,0.04952,0.00461,2013,2025
020508,cd,127,66,6.3,2.4,0.0383,0.001,2013,2025
020508,hg,126,66,0.0,0.0,0.001,0.0003,2013,2025
020508,pb,127,66,18.1,0.8,0.386,0.006435,2013,2025
020509,as,15,11,0.0,0.0,0.0071,0.0010999999999999998,2015,2022
020509,cd,15,11,0.0,0.0,0.001,0.0005,2015,2022
020509,hg,15,11,0.0,0.0,0.0001,,2015,2022
020509,pb,15,11,0.0,0.0,0.001,0.0009,2015,2022
020513,as,27,17,0.0,0.0,0.007,0.00205,2015,2022
020513,cd,27,17,3.7,0.0,0.0052,0.0005,2015,2022
020513,hg,27,17,0.0,0.0,0.0001,0.0001,2015,2022
020513,pb,27,17,0.0,0.0,0.0038,0.001,2015,2022
020611,as,6,6,66.7,0.0,0.02349,0.017205,2017,2018
020611,cd,6,6,0.0,0.0,0.00243,0.001375,2017,2018
020611,hg,6,6,0.0,0.0,3e-05,,2017,2018
020611,pb,6,6,16.7,16.7,0.291,0.00605,2017,2018
020904,as,7,7,0.0,0.0,0.008,,2015,2016
020904,cd,7,7,0.0,0.0,0.001,,2015,2016
020904,hg,7,7,14.3,14.3,0.002,,2015,2016
020904,pb,7,7,28.6,0.0,0.017,0.0165,2015,2016
020905,as,4,4,0.0,0.0,0.00876,0.007485,2020,2021
020905,cd,4,4,0.0,0.0,0.00211,0.0018549999999999999,2020,2021
020905,hg,4,4,0.0,0.0,7e-05,,2020,2021
020905,pb,4,4,0.0,0.0,0.00199,0.00147,2020,2021
021003,as,4,4,0.0,0.0,0.007,0.0011,2015,2016
021003,cd,4,4,0.0,0.0,0.001,,2015,2016
021003,hg,4,4,0.0,0.0,0.0007,0.0007,2015,2016
021003,pb,4,4,0.0,0.0,0.0012,0.0012,2015,2016
021007,as,7,7,0.0,0.0,0.008,,2015,2015
021007,cd,7,7,0.0,0.0,0.001,,2015,2015
021007,hg,7,7,0.0,0.0,0.0001,,2015,2015
021007,pb,7,7,0.0,0.0,0.001,,2015,2015
021014,as,163,91,5.5,0.6,0.112,0.00426,2014,2025
021014,cd,181,95,8.3,1.1,0.0565,0.002,2014,2026
021014,hg,181,95,0.0,0.0,0.00036,0.0001,2014,2026
021014,pb,181,95,13.3,2.2,0.2914,0.006,2014,2026
021015,as,11,11,9.1,0.0,0.0698,0.0698,2015,2015
021015,cd,11,11,0.0,0.0,0.001,,2015,2015
021015,hg,11,11,9.1,9.1,0.0012,0.0012,2015,2015
021015,pb,11,11,0.0,0.0,0.001,,2015,2015
021101,as,1,1,0.0,0.0,0.0021,0.0021,2015,2015
021101,cd,1,1,0.0,0.0,0.0007,0.0007,2015,2015
021101,hg,1,1,0.0,0.0,0.0008,0.0008,2015,2015
021101,pb,1,1,100.0,0.0,0.011,0.011,2015,2015
021202,as,6,4,0.0,0.0,0.007,0.00169,2017,2019
021202,cd,6,4,16.7,0.0,0.004,0.004,2017,2019
021202,hg,6,4,0.0,0.0,0.0001,3e-05,2017,2019
021202,pb,6,4,0.0,0.0,0.001,0.0003,2017,2019
021206,as,15,13,0.0,0.0,0.0044,0.002405,2015,2019
021206,cd,16,14,12.5,0.0,0.0071,0.0004,2015,2019
021206,hg,16,14,0.0,0.0,0.0001,,2015,2019
021206,pb,16,14,0.0,0.0,0.00236,0.0006,2015,2019
021210,as,6,4,0.0,0.0,0.00079,0.000595,2018,2019
021210,cd,6,4,0.0,0.0,0.00035,0.00034500000000000004,2018,2019
021210,hg,6,4,0.0,0.0,3e-05,,2018,2019
021210,pb,6,4,0.0,0.0,0.0005,0.00045,2018,2019
021405,as,1,1,0.0,0.0,0.001,,2022,2022
021405,cd,1,1,0.0,0.0,0.0002,,2022,2022
021405,hg,1,1,0.0,0.0,0.0001,,2022,2022
021405,pb,1,1,0.0,0.0,0.001,,2022,2022
021409,as,1,1,0.0,0.0,0.0025,0.0025,2015,2015
021409,cd,1,1,0.0,0.0,0.0002,,2015,2015
021409,hg,1,1,0.0,0.0,0.0001,,2015,2015
021409,pb,1,1,0.0,0.0,0.0018,0.0018,2015,2015
021503,as,20,18,30.0,25.0,0.49,0.0103,2013,2016
021503,cd,20,18,5.0,0.0,0.0062,0.0012,2013,2016
021503,hg,15,13,0.0,0.0,0.001,,2013,2016
021503,pb,19,17,10.5,0.0,0.0233,0.00515,2013,2016
021505,as,3,3,66.7,0.0,0.0185,0.01834,2018,2018
021505,cd,3,3,0.0,0.0,1e-05,,2018,2018
021505,hg,3,3,0.0,0.0,3e-05,,2018,2018
021505,pb,3,3,0.0,0.0,0.0005,0.0003,2018,2018
021508,as,1,1,100.0,0.0,0.014,0.014,2016,2016
021508,cd,1,1,0.0,0.0,0.001,,2016,2016
021508,hg,1,1,0.0,0.0,0.0002,0.0002,2016,2016
021508,pb,1,1,100.0,0.0,0.02,0.02,2016,2016
021509,as,80,38,56.2,2.5,0.154,0.0217,2015,2024
021509,cd,80,38,5.0,0.0,0.00432,0.00039,2015,2024
021509,hg,79,38,0.0,0.0,0.0001,,2015,2024
021509,pb,79,38,12.7,6.3,0.1233,0.0024,2015,2024
021701,as,108,61,88.0,52.8,4591.0,0.15007,2015,2024
021701,cd,113,61,70.8,48.7,1.9793,0.01122,2015,2025
021701,hg,112,60,4.5,4.5,0.0596,0.000645,2015,2025
021701,pb,114,62,73.7,44.7,5894.0,0.0482,2015,2025
021702,as,1,1,0.0,0.0,0.0006,,2015,2015
021702,cd,1,1,0.0,0.0,0.0024,,2015,2015
021702,pb,1,1,0.0,0.0,0.004,,2015,2015
021704,as,2,2,0.0,0.0,0.008,,2015,2015
021704,cd,2,2,50.0,0.0,0.004,,2015,2015
021704,hg,2,2,100.0,100.0,0.0025,0.0025,2015,2015
021704,pb,2,2,0.0,0.0,0.001,,2015,2015
021710,as,38,28,63.2,42.1,7.93,0.442,2015,2021
021710,cd,38,28,60.5,47.4,0.282,0.022054999999999998,2015,2021
021710,hg,28,18,0.0,0.0,0.0001,0.0001,2015,2021
021710,pb,38,28,55.3,31.6,0.247,0.0477,2015,2021
021801,as,4,4,50.0,0.0,0.01297,0.00941,2018,2019
021801,cd,4,4,0.0,0.0,4e-05,2.5e-05,2018,2019
021801,hg,4,4,0.0,0.0,7e-05,,2018,2019
021801,pb,4,4,0.0,0.0,0.0045,0.0027,2018,2019
021802,as,3,3,0.0,0.0,3e-05,,2018,2018
021802,cd,3,3,0.0,0.0,1e-05,,2018,2018
021802,hg,3,3,0.0,0.0,3e-05,,2018,2018
021802,pb,3,3,0.0,0.0,0.0028,0.0017,2018,2018
021804,as,6,6,16.7,0.0,0.021,0.0145,2015,2017
021804,cd,6,6,0.0,0.0,0.003,0.003,2015,2017
021804,hg,5,5,0.0,0.0,0.0001,,2015,2017
021804,pb,6,6,16.7,0.0,0.0165,0.0165,2015,2017
021809,as,1,1,0.0,0.0,0.00533,0.00533,2019,2019
021809,cd,1,1,0.0,0.0,6e-05,6e-05,2019,2019
021809,hg,1,1,0.0,0.0,7e-05,,2019,2019
021809,pb,1,1,0.0,0.0,0.0022,0.0022,2019,2019
021904,as,7,7,0.0,0.0,0.008,,2015,2015
021904,cd,7,7,0.0,0.0,0.0004,,2015,2015
021904,hg,6,6,0.0,0.0,0.0001,,2015,2015
021904,pb,7,7,0.0,0.0,0.001,0.001,2015,2015
021908,as,11,11,18.2,0.0,0.012,0.011,2015,2016
021908,cd,11,11,0.0,0.0,0.0014,0.00085,2015,2016
021908,hg,11,11,0.0,0.0,0.0003,0.00025,2015,2016
021908,pb,11,11,18.2,0.0,0.016,0.0058,2015,2016
022007,as,21,19,0.0,0.0,0.00261,0.00041,2013,2017
022007,cd,21,19,9.5,9.5,0.019,0.00268,2013,2017
022007,hg,21,19,0.0,0.0,0.0005,0.00034500000000000004,2013,2017
022007,pb,21,19,9.5,0.0,0.022,0.0014,2013,2017
030101,as,6,3,0.0,0.0,0.001,,2022,2023
030101,cd,6,3,0.0,0.0,0.002,,2022,2023
030101,hg,6,3,0.0,0.0,0.0001,,2022,2023
030101,pb,6,3,0.0,0.0,0.001,,2022,2023
030102,as,12,9,0.0,0.0,0.007,0.007,2016,2022
030102,cd,12,9,0.0,0.0,0.001,0.001,2016,2022
030102,hg,12,9,0.0,0.0,0.001,0.0001,2016,2022
030102,pb,12,9,0.0,0.0,0.001,0.001,2016,2022
030103,as,30,17,16.7,0.0,0.01757,0.0102,2015,2024
030103,cd,30,17,0.0,0.0,0.001,,2015,2024
030103,hg,30,17,0.0,0.0,0.0001,0.0001,2015,2024
030103,pb,30,17,0.0,0.0,0.001,0.00087,2015,2024
030104,as,11,11,0.0,0.0,0.007,0.00117,2016,2018
030104,cd,11,11,0.0,0.0,0.001,,2016,2018
030104,hg,11,11,0.0,0.0,0.0001,,2016,2018
030104,pb,11,11,9.1,0.0,0.0118,0.00655,2016,2018
030107,as,2,2,0.0,0.0,0.001,,2022,2022
030107,cd,2,2,0.0,0.0,0.0002,,2022,2022
030107,hg,2,2,0.0,0.0,0.0001,,2022,2022
030107,pb,2,2,0.0,0.0,0.001,,2022,2022
030301,cd,2,2,0.0,0.0,0.0002,,2026,2026
030301,hg,2,2,0.0,0.0,8.5e-05,,2026,2026
030301,pb,2,2,0.0,0.0,0.0005,,2026,2026
030303,as,78,42,11.5,1.3,0.20758,0.00443,2016,2024
030303,cd,79,43,26.6,24.1,0.30282,0.02806,2016,2024
030303,hg,79,43,0.0,0.0,0.00047,0.00045,2016,2024
030303,pb,79,43,25.3,8.9,10.0,0.01775,2016,2024
030304,as,37,21,56.8,8.1,0.49,0.01753,2013,2018
030304,cd,37,21,0.0,0.0,0.0026,0.00128,2013,2018
030304,hg,33,20,0.0,0.0,0.00032,0.00016,2013,2018
030304,pb,37,21,2.7,0.0,0.0268,0.00195,2013,2018
030305,as,5,5,0.0,0.0,0.001,,2021,2022
030305,cd,5,5,0.0,0.0,0.0002,,2021,2022
030305,hg,5,5,0.0,0.0,0.0001,,2021,2022
030305,pb,5,5,0.0,0.0,0.001,,2021,2022
030306,as,7,6,0.0,0.0,0.007,,2015,2016
030306,cd,7,6,0.0,0.0,0.001,,2015,2016
030306,hg,7,6,0.0,0.0,0.001,,2015,2016
030306,pb,7,6,0.0,0.0,0.001,,2015,2016
030307,as,19,15,0.0,0.0,0.007,0.00178,2015,2023
030307,cd,19,15,5.3,5.3,3.57,3.57,2015,2023
030307,hg,19,15,0.0,0.0,0.0001,,2015,2023
030307,pb,19,15,0.0,0.0,0.006,0.006,2015,2023
030403,as,5,4,40.0,20.0,0.116,0.08700000000000001,2015,2018
030403,cd,5,4,0.0,0.0,0.001,,2015,2018
030403,hg,5,4,0.0,0.0,0.0001,,2015,2018
030403,pb,5,4,20.0,0.0,0.018,0.012,2015,2018
030406,as,86,52,7.0,0.0,0.09,0.00257,2013,2025
030406,cd,89,55,3.4,0.0,0.01,0.001,2013,2025
030406,hg,81,51,3.7,3.7,0.00148,0.00114,2013,2025
030406,pb,89,55,10.1,1.1,0.11,0.002,2013,2025
030409,as,11,9,0.0,0.0,0.007,,2016,2017
030409,cd,11,9,0.0,0.0,0.001,,2016,2017
030409,hg,11,9,0.0,0.0,0.0001,0.0001,2016,2017
030409,pb,11,9,0.0,0.0,0.001,0.001,2016,2017
030412,as,5,3,0.0,0.0,0.007,0.007,2015,2017
030412,cd,5,3,0.0,0.0,0.001,,2015,2017
030412,hg,5,3,0.0,0.0,0.0001,,2015,2017
030412,pb,5,3,0.0,0.0,0.001,,2015,2017
030413,as,3,3,100.0,0.0,0.03939,0.03911,2021,2021
030413,cd,3,3,0.0,0.0,1e-05,,2021,2021
030413,hg,3,3,0.0,0.0,7e-05,,2021,2021
030413,pb,3,3,0.0,0.0,0.00041,0.00039,2021,2021
030414,as,10,8,30.0,0.0,0.02,0.01015,2013,2018
030414,cd,10,8,0.0,0.0,0.0025,0.001475,2013,2018
030414,hg,10,8,0.0,0.0,0.0001,3e-05,2013,2018
030414,pb,10,8,30.0,0.0,0.04,0.0092,2013,2018
030415,as,3,3,100.0,0.0,0.021,0.019,2023,2023
030415,cd,3,3,0.0,0.0,0.0002,,2023,2023
030415,hg,3,3,0.0,0.0,0.0001,,2023,2023
030415,pb,3,3,0.0,0.0,0.001,,2023,2023
030417,as,20,14,40.0,0.0,0.02,0.019,2013,2022
030417,cd,23,14,26.1,0.0,0.009,0.0047,2013,2026
030417,hg,20,11,5.0,5.0,0.00382,0.0001,2013,2026
030417,pb,22,13,36.4,9.1,0.1086,0.0204,2013,2026
030501,as,16,11,6.2,0.0,0.01968,0.00122,2015,2024
030501,cd,20,11,0.0,0.0,0.0024,,2015,2025
030501,hg,20,11,0.0,0.0,0.0001,,2015,2025
030501,pb,20,11,0.0,0.0,0.004,0.00145,2015,2025
030502,as,22,15,0.0,0.0,0.007,,2015,2022
030502,cd,22,15,0.0,0.0,0.001,,2015,2022
030502,hg,22,15,0.0,0.0,0.0001,0.0001,2015,2022
030502,pb,22,15,9.1,0.0,0.014,0.002,2015,2022
030503,as,60,42,1.7,0.0,0.0109,0.0007,2013,2025
030503,cd,92,46,0.0,0.0,0.002,5e-05,2013,2026
030503,hg,92,46,0.0,0.0,0.000149,0.0001,2013,2026
030503,pb,92,46,1.1,0.0,0.011,0.00045,2013,2026
030504,as,112,79,2.7,0.0,0.0445,0.0013700000000000001,2013,2023
030504,cd,115,80,0.0,0.0,0.0024,0.00096,2013,2026
030504,hg,115,80,3.5,3.5,0.09247,0.00127,2013,2026
030504,pb,115,80,0.9,0.0,0.01143,0.0010500000000000002,2013,2026
030505,as,12,7,0.0,0.0,0.008,0.00184,2015,2023
030505,cd,12,7,0.0,0.0,0.0024,,2015,2023
030505,hg,12,7,0.0,0.0,0.0001,,2015,2023
030505,pb,12,7,0.0,0.0,0.004,0.001,2015,2023
030506,as,148,79,1.4,0.0,0.1,0.00157,2013,2024
030506,cd,161,82,1.2,1.2,20.0,0.00115,2013,2026
030506,hg,161,82,1.9,1.9,0.00275,0.0001,2013,2026
030506,pb,160,82,5.0,0.0,0.037,0.0024000000000000002,2013,2026
030702,as,5,5,0.0,0.0,0.007,,2017,2017
030702,cd,5,5,0.0,0.0,0.001,,2017,2017
030702,hg,5,5,0.0,0.0,0.0001,,2017,2017
030702,pb,5,5,0.0,0.0,0.001,,2017,2017
030708,as,5,5,0.0,0.0,0.007,0.0004785,2016,2021
030708,cd,5,5,0.0,0.0,0.001,,2016,2021
030708,hg,5,5,40.0,40.0,0.007804,0.00773,2016,2021
030708,pb,5,5,0.0,0.0,0.00174,0.00095,2016,2021
040101,as,7,1,85.7,0.0,0.021,0.01294,2015,2023
040101,cd,7,1,0.0,0.0,0.001,,2015,2023
040101,hg,7,1,0.0,0.0,0.0001,,2015,2023
040101,pb,7,1,0.0,0.0,0.006,0.0052,2015,2023
040102,as,1,1,0.0,0.0,0.001,,2022,2022
040102,cd,1,1,0.0,0.0,0.0002,,2022,2022
040102,hg,1,1,0.0,0.0,0.0001,,2022,2022
040102,pb,1,1,0.0,0.0,0.001,,2022,2022
040107,as,1,1,100.0,0.0,0.023,0.023,2017,2017
040107,cd,1,1,0.0,0.0,0.001,,2017,2017
040107,hg,1,1,0.0,0.0,0.0001,,2017,2017
040107,pb,1,1,100.0,0.0,0.012,0.012,2017,2017
040111,as,1,1,0.0,0.0,0.001,,2023,2023
040111,cd,1,1,0.0,0.0,0.0002,,2023,2023
040111,hg,1,1,0.0,0.0,0.0001,,2023,2023
040111,pb,1,1,0.0,0.0,0.001,,2023,2023
040119,as,5,4,100.0,100.0,4.0622,3.8117,2019,2024
040119,cd,5,4,0.0,0.0,0.0002,,2019,2024
040119,hg,5,4,0.0,0.0,0.0001,,2019,2024
040119,pb,5,4,0.0,0.0,0.001,0.0005,2019,2024
040122,as,1,1,0.0,0.0,0.0001,,2023,2023
040122,cd,1,1,0.0,0.0,0.0002,,2023,2023
040122,hg,1,1,0.0,0.0,0.0001,,2023,2023
040122,pb,1,1,0.0,0.0,0.0001,,2023,2023
040123,as,33,9,81.8,0.0,0.0296,0.01715,2015,2024
040123,cd,35,9,0.0,0.0,0.001,,2015,2025
040123,hg,34,9,0.0,0.0,0.0001,8.5e-05,2015,2025
040123,pb,35,9,2.9,0.0,0.011,0.005,2015,2025
040124,as,21,6,81.0,0.0,0.037,0.023,2015,2024
040124,cd,23,6,0.0,0.0,0.001,,2015,2025
040124,hg,23,6,0.0,0.0,0.0001,8.5e-05,2015,2025
040124,pb,23,6,4.3,0.0,0.013,0.00125,2015,2025
040125,as,1,1,0.0,0.0,0.001,,2022,2022
040125,cd,1,1,0.0,0.0,0.0002,,2022,2022
040125,hg,1,1,0.0,0.0,0.0001,,2022,2022
040125,pb,1,1,0.0,0.0,0.001,,2022,2022
040127,as,7,7,42.9,0.0,0.014,0.011,2013,2023
040127,cd,7,7,0.0,0.0,0.001,,2013,2023
040127,hg,7,7,0.0,0.0,0.0001,,2013,2023
040127,pb,7,7,0.0,0.0,0.007,0.006500000000000001,2013,2023
040303,as,7,4,0.0,0.0,0.007,0.0015,2013,2022
040303,cd,7,4,0.0,0.0,0.0024,,2013,2022
040303,hg,7,4,0.0,0.0,0.0003,0.0003,2013,2022
040303,pb,7,4,0.0,0.0,0.01,,2013,2022
040309,as,4,4,75.0,25.0,0.127,0.0875,2013,2017
040309,cd,4,4,0.0,0.0,0.003,0.002,2013,2017
040309,hg,4,4,0.0,0.0,0.0003,0.0002,2013,2017
040309,pb,4,4,50.0,0.0,0.033,0.0225,2013,2017
040312,as,8,5,0.0,0.0,0.007,0.007,2015,2016
040312,cd,8,5,0.0,0.0,0.001,0.001,2015,2016
040312,hg,8,5,0.0,0.0,0.0001,0.0001,2015,2016
040312,pb,8,5,0.0,0.0,0.001,0.001,2015,2016
040402,as,3,3,0.0,0.0,0.007,,2015,2025
040402,cd,3,3,0.0,0.0,0.001,,2015,2025
040402,hg,3,3,0.0,0.0,0.0001,,2015,2025
040402,pb,3,3,0.0,0.0,0.001,,2015,2025
040404,as,64,42,7.8,1.6,0.13,0.0035050000000000003,2013,2025
040404,cd,72,45,4.2,0.0,0.00984,0.00152,2013,2025
040404,hg,72,45,2.8,2.8,0.00775,0.00025,2013,2025
040404,pb,72,45,13.9,1.4,0.058,0.0047,2013,2025
040405,as,37,20,0.0,0.0,0.007,0.0026,2014,2025
040405,cd,39,21,0.0,0.0,0.002,0.0012950000000000001,2014,2025
040405,hg,38,20,0.0,0.0,0.0003,0.0003,2014,2025
040405,pb,39,21,0.0,0.0,0.0023,0.000835,2014,2025
040406,as,111,59,7.2,0.0,0.045,0.004,2013,2025
040406,cd,111,59,16.2,13.5,0.767,0.016,2013,2025
040406,hg,111,59,0.9,0.9,0.0063,0.00064,2013,2025
040406,pb,112,60,17.9,8.0,0.129,0.012,2013,2025
040407,as,1,1,100.0,0.0,0.0163,0.0163,2014,2014
040407,cd,1,1,0.0,0.0,0.0002,,2014,2014
040407,hg,1,1,0.0,0.0,0.0001,,2014,2014
040407,pb,1,1,0.0,0.0,0.0004,0.0004,2014,2014
040409,as,122,52,17.2,3.3,1.011,0.00367,2013,2025
040409,cd,128,54,0.8,0.0,0.00748,0.00038,2013,2025
040409,hg,125,54,2.4,2.4,0.007,0.0003,2014,2025
040409,pb,128,54,0.8,0.0,0.02876,0.00057,2013,2025
040412,cd,3,3,0.0,0.0,0.0002,0.0002,2025,2025
040412,hg,3,3,0.0,0.0,8.5e-05,,2025,2025
040412,pb,3,3,0.0,0.0,0.005,0.004,2025,2025
040413,as,2,2,100.0,0.0,0.0157,0.01555,2014,2014
040413,cd,2,2,0.0,0.0,0.0002,,2014,2014
040413,hg,2,2,0.0,0.0,0.0001,,2014,2014
040413,pb,2,2,0.0,0.0,0.0003,0.0003,2014,2014
040503,as,1,1,100.0,0.0,0.074,0.074,2015,2015
040503,cd,1,1,0.0,0.0,0.001,,2015,2015
040503,hg,1,1,0.0,0.0,0.0001,,2015,2015
040503,pb,1,1,0.0,0.0,0.001,,2015,2015
040504,as,3,3,0.0,0.0,0.007,,2015,2015
040504,cd,3,3,0.0,0.0,0.001,,2015,2015
040504,hg,3,3,0.0,0.0,0.0001,,2015,2015
040504,pb,3,3,0.0,0.0,0.001,,2015,2015
040505,as,108,39,11.1,0.9,0.131,0.008,2013,2023
040505,cd,117,46,1.7,0.0,0.0049,0.0004,2013,2026
040505,hg,116,45,0.0,0.0,0.0005,0.0001,2013,2026
040505,pb,117,46,17.9,1.7,0.4526,0.005,2013,2026
040510,as,6,3,0.0,0.0,0.001,0.00045,2018,2024
040510,cd,6,3,0.0,0.0,0.00053,0.00053,2018,2024
040510,hg,6,3,0.0,0.0,0.0001,,2018,2024
040510,pb,6,3,0.0,0.0,0.0015,0.00145,2018,2024
040511,as,7,5,0.0,0.0,0.0063,0.0046,2015,2015
040511,cd,7,5,0.0,0.0,0.0008,0.0008,2015,2015
040511,hg,7,5,0.0,0.0,0.0001,,2015,2015
040511,pb,7,5,14.3,0.0,0.0134,0.0023,2015,2015
040513,as,5,5,0.0,0.0,0.00062,0.00056,2018,2018
040513,cd,5,5,0.0,0.0,1e-05,,2018,2018
040513,hg,5,5,0.0,0.0,3e-05,,2018,2018
040513,pb,5,5,0.0,0.0,0.0011,0.0008,2018,2018
040514,as,7,6,0.0,0.0,0.007,0.0043,2014,2017
040514,cd,7,6,42.9,0.0,0.006,0.0044,2014,2017
040514,hg,6,5,0.0,0.0,0.001,0.0001,2014,2017
040514,pb,7,6,0.0,0.0,0.001,,2014,2017
040515,as,3,3,33.3,0.0,0.021,0.021,2015,2023
040515,cd,3,3,0.0,0.0,0.001,,2015,2023
040515,hg,3,3,0.0,0.0,0.0001,,2015,2023
040515,pb,3,3,0.0,0.0,0.009,0.009,2015,2023
040516,as,71,39,0.0,0.0,0.008,0.00198,2013,2024
040516,cd,82,42,3.7,0.0,0.005,0.00195,2013,2025
040516,hg,83,42,1.2,1.2,100.0,0.0001,2013,2025
040516,pb,83,42,4.8,1.2,0.05042,0.003,2013,2025
040517,as,3,3,0.0,0.0,0.00093,0.00068,2019,2019
040517,cd,3,3,0.0,0.0,1e-05,,2019,2019
040517,hg,3,3,0.0,0.0,3e-05,,2019,2019
040517,pb,3,3,0.0,0.0,0.0011,0.0009,2019,2019
040603,as,115,37,24.3,0.0,0.0726,0.0148,2013,2025
040603,cd,127,39,6.3,0.0,0.0089,0.000605,2013,2026
040603,hg,126,39,6.3,6.3,100.0,8.5e-05,2013,2026
040603,pb,126,39,4.8,0.0,0.02,0.00115,2013,2026
040606,as,24,13,4.2,0.0,0.01201,0.007,2015,2024
040606,cd,24,13,0.0,0.0,0.001,,2015,2024
040606,hg,24,13,0.0,0.0,0.0001,,2015,2024
040606,pb,24,13,0.0,0.0,0.00181,0.0002,2015,2024
040608,as,2,2,100.0,0.0,0.039,0.0385,2016,2016
040608,cd,2,2,0.0,0.0,0.001,,2016,2016
040608,hg,2,2,0.0,0.0,0.0001,,2016,2016
040608,pb,2,2,0.0,0.0,0.001,,2016,2016
040702,as,10,6,70.0,60.0,0.2851,0.21275,2019,2024
040702,cd,13,6,0.0,0.0,0.0018,0.00155,2019,2025
040702,hg,13,6,0.0,0.0,0.0001,,2019,2025
040702,pb,13,6,0.0,0.0,0.0011,0.00055,2019,2025
040703,as,2,1,100.0,50.0,0.1063,0.09015000000000001,2022,2024
040703,cd,3,1,0.0,0.0,0.0002,,2022,2025
040703,hg,3,1,0.0,0.0,0.0001,,2022,2025
040703,pb,3,1,0.0,0.0,0.001,,2022,2025
050102,as,10,6,0.0,0.0,0.007,0.007,2015,2018
050102,cd,10,6,10.0,10.0,0.03,0.0155,2015,2018
050102,hg,8,4,0.0,0.0,0.0001,0.0001,2016,2018
050102,pb,10,6,0.0,0.0,0.005,0.0015,2015,2018
050106,cd,6,3,0.0,0.0,0.0002,,2024,2025
050106,hg,6,3,0.0,0.0,0.0001,,2024,2025
050106,pb,6,3,0.0,0.0,0.0048,0.0031000000000000003,2024,2025
050205,as,17,15,29.4,0.0,0.01726,0.00287,2015,2021
050205,cd,23,18,0.0,0.0,0.0024,0.0002,2015,2025
050205,hg,23,18,0.0,0.0,0.000181,0.000169,2015,2025
050205,pb,23,18,8.7,0.0,0.02,0.005370000000000001,2015,2025
050301,as,3,3,0.0,0.0,0.007,,2015,2015
050301,cd,3,3,0.0,0.0,0.001,,2015,2015
050301,hg,3,3,0.0,0.0,0.0001,,2015,2015
050301,pb,3,3,0.0,0.0,0.004,0.003,2015,2015
050402,as,30,16,100.0,6.7,0.2072,0.03397,2015,2024
050402,cd,36,21,0.0,0.0,0.0027,0.00024,2015,2026
050402,hg,36,21,2.8,2.8,15.07,15.07,2015,2026
050402,pb,36,21,52.8,19.4,0.1626,0.01984,2015,2026
050502,as,45,36,0.0,0.0,0.0076,0.002,2015,2023
050502,cd,46,36,0.0,0.0,0.0024,0.0024,2015,2023
050502,hg,44,33,2.3,2.3,0.3798,0.00014000000000000001,2015,2023
050502,pb,46,36,0.0,0.0,0.008,0.0013,2015,2023
050601,as,13,13,0.0,0.0,0.007,,2015,2023
050601,cd,13,13,0.0,0.0,0.0024,,2015,2023
050601,hg,9,9,0.0,0.0,0.0001,,2016,2023
050601,pb,13,13,0.0,0.0,0.004,,2015,2023
050603,as,3,3,0.0,0.0,0.007,,2017,2017
050603,cd,3,3,0.0,0.0,0.001,,2017,2017
050603,hg,3,3,0.0,0.0,0.0001,,2017,2017
050603,pb,3,3,0.0,0.0,0.001,,2017,2017
050604,as,2,2,100.0,50.0,0.649,0.361,2017,2017
050604,cd,2,2,50.0,0.0,0.006,0.004,2017,2017
050604,hg,2,2,0.0,0.0,0.0001,,2017,2017
050604,pb,2,2,0.0,0.0,0.001,0.001,2017,2017
050605,as,106,57,19.8,0.9,0.1578,0.00701,2013,2023
050605,cd,113,57,24.8,13.3,0.13043,0.0076,2013,2026
050605,hg,112,56,1.8,1.8,0.00219,0.000442,2013,2026
050605,pb,113,57,5.3,0.9,0.1167,0.002,2013,2026
050608,as,9,7,0.0,0.0,0.00986,0.00961,2016,2019
050608,cd,9,7,0.0,0.0,0.001,,2016,2019
050608,hg,9,7,0.0,0.0,0.0001,7e-05,2016,2019
050608,pb,9,7,0.0,0.0,0.001,,2016,2019
050611,as,29,24,51.7,0.0,0.0411,0.02,2015,2019
050611,cd,34,28,5.9,0.0,0.0064,0.0004,2015,2025
050611,hg,34,28,2.9,2.9,0.001672,0.001672,2015,2025
050611,pb,34,28,2.9,0.0,0.0184,0.0007,2015,2025
050614,as,19,10,78.9,0.0,0.0413,0.02928,2015,2024
050614,cd,21,10,0.0,0.0,0.001,0.000285,2015,2026
050614,hg,21,10,0.0,0.0,0.0001,3e-05,2015,2026
050614,pb,21,10,9.5,0.0,0.0104,0.01035,2015,2026
050616,as,7,6,14.3,0.0,0.033,0.00148,2015,2019
050616,cd,7,6,0.0,0.0,0.001,,2015,2019
050616,hg,7,6,0.0,0.0,0.0001,,2015,2019
050616,pb,7,6,0.0,0.0,0.006,0.00125,2015,2019
050617,as,7,7,0.0,0.0,0.007,,2016,2017
050617,cd,7,7,0.0,0.0,0.001,,2016,2017
050617,hg,7,7,0.0,0.0,0.0001,,2016,2017
050617,pb,7,7,0.0,0.0,0.001,,2016,2017
050618,as,4,4,0.0,0.0,0.007,,2016,2016
050618,cd,4,4,0.0,0.0,0.001,,2016,2016
050618,hg,4,4,0.0,0.0,0.0001,,2016,2016
050618,pb,4,4,0.0,0.0,0.001,,2016,2016
050619,as,24,14,20.8,0.0,0.06205,0.00937,2015,2023
050619,cd,24,14,8.3,0.0,0.008,0.00298,2015,2023
050619,hg,24,14,0.0,0.0,0.0002,0.00015000000000000001,2015,2023
050619,pb,24,14,0.0,0.0,0.0012,0.0008,2015,2023
050701,as,7,6,0.0,0.0,0.007,,2016,2017
050701,cd,7,6,0.0,0.0,0.001,,2016,2017
050701,hg,7,6,0.0,0.0,0.0001,,2016,2017
050701,pb,7,6,0.0,0.0,0.001,,2016,2017
050702,as,67,31,17.9,4.5,2.8642,0.01005,2013,2024
050702,cd,83,36,6.0,0.0,0.00915,0.00106,2013,2025
050702,hg,83,36,2.4,2.4,1.0,0.0001,2013,2025
050702,pb,83,36,4.8,1.2,0.1,0.003,2013,2025
050703,as,93,50,18.3,1.1,0.144,0.0032,2013,2025
050703,cd,97,51,2.1,2.1,8.84914,3.403535,2013,2025
050703,hg,98,52,0.0,0.0,0.001,0.0001,2013,2025
050703,pb,98,52,8.2,0.0,0.033,0.0028,2013,2025
050706,as,1,1,0.0,0.0,0.007,,2015,2015
050706,cd,1,1,0.0,0.0,0.001,,2015,2015
050706,hg,1,1,0.0,0.0,0.0001,,2015,2015
050706,pb,1,1,0.0,0.0,0.001,,2015,2015
050707,as,18,15,5.6,0.0,0.0681,0.00347,2018,2023
050707,cd,18,15,0.0,0.0,0.0002,1e-05,2018,2023
050707,hg,18,15,0.0,0.0,0.0001,3e-05,2018,2023
050707,pb,18,15,0.0,0.0,0.0022,0.001,2018,2023
050801,as,2,2,100.0,50.0,0.16725,0.13181,2021,2021
050801,cd,2,2,0.0,0.0,1e-05,,2021,2021
050801,hg,2,2,0.0,0.0,7e-05,,2021,2021
050801,pb,2,2,0.0,0.0,6e-05,,2021,2021
050806,as,70,31,2.9,2.9,60.0,0.00265,2013,2024
050806,cd,87,35,3.4,1.1,14.0,0.00073,2013,2026
050806,hg,78,26,0.0,0.0,0.0001,6.500000000000001e-05,2015,2026
050806,pb,86,34,2.3,0.0,0.019,0.002,2013,2026
050808,as,2,2,0.0,0.0,0.001,,2022,2022
050808,cd,2,2,0.0,0.0,0.0002,,2022,2022
050808,hg,2,2,0.0,0.0,0.0001,,2022,2022
050808,pb,2,2,0.0,0.0,0.001,,2022,2022
050906,as,6,4,0.0,0.0,0.007,0.007,2015,2017
050906,cd,6,4,0.0,0.0,0.001,,2015,2017
050906,hg,6,4,0.0,0.0,0.0001,,2015,2017
050906,pb,6,4,0.0,0.0,0.01,0.005,2015,2017
051003,as,2,2,100.0,50.0,0.18,0.09519999999999999,2024,2024
051003,cd,2,2,0.0,0.0,0.0002,,2024,2024
051003,hg,2,2,0.0,0.0,0.0001,,2024,2024
051003,pb,2,2,0.0,0.0,0.001,,2024,2024
051005,as,80,42,15.0,3.8,60.0,0.003,2015,2024
051005,cd,95,43,6.3,2.1,78.74,0.0021,2015,2025
051005,hg,95,43,0.0,0.0,0.001,9.25e-05,2015,2025
051005,pb,95,43,24.2,7.4,3.105,0.005,2015,2025
060101,as,81,61,9.9,0.0,0.04617,0.004195,2015,2024
060101,cd,136,92,14.7,3.7,0.079,0.0022,2015,2026
060101,hg,128,85,12.5,12.5,0.6994,0.0018655,2015,2026
060101,pb,137,92,12.4,4.4,0.1972,0.0031999999999999997,2015,2026
060103,as,2,2,0.0,0.0,0.0015,0.0015,2024,2024
060103,cd,5,4,0.0,0.0,0.00215,0.00085,2024,2025
060103,hg,5,4,0.0,0.0,0.0001,,2024,2025
060103,pb,5,4,0.0,0.0,0.001,,2024,2025
060105,as,151,100,4.6,0.0,0.092,0.0021200000000000004,2013,2025
060105,cd,155,103,2.6,1.3,90.1979,0.001,2013,2025
060105,hg,145,94,0.0,0.0,0.00094,0.00015000000000000001,2013,2025
060105,pb,155,103,12.3,3.9,0.847,0.0010500000000000002,2013,2025
060108,as,124,73,8.9,2.4,306.0,0.00199,2013,2024
060108,cd,133,74,3.0,0.8,0.01424,0.00058,2013,2026
060108,hg,124,65,1.6,1.6,0.405,0.0002,2013,2026
060108,pb,133,74,4.5,0.0,0.0237,0.0022,2013,2026
060202,as,87,45,21.8,6.9,0.8153,0.004375,2016,2025
060202,cd,93,45,34.4,7.5,0.75202,0.00428,2016,2025
060202,hg,93,45,1.1,1.1,0.00254,0.00089,2016,2025
060202,pb,93,45,8.6,5.4,0.7062,0.00312,2016,2025
060203,as,1,1,100.0,0.0,0.01324,0.01324,2018,2018
060203,cd,1,1,0.0,0.0,0.0015,0.0015,2018,2018
060203,hg,1,1,0.0,0.0,3e-05,,2018,2018
060203,pb,1,1,0.0,0.0,0.0026,0.0026,2018,2018
060304,as,3,3,0.0,0.0,0.008,0.00241,2015,2024
060304,cd,3,3,0.0,0.0,0.0004,,2015,2024
060304,hg,3,3,0.0,0.0,0.0001,,2015,2024
060304,pb,3,3,66.7,0.0,0.037,0.028999999999999998,2015,2024
060309,as,17,14,0.0,0.0,0.008,0.00075,2015,2024
060309,cd,17,14,0.0,0.0,0.001,0.000205,2015,2024
060309,hg,16,14,0.0,0.0,0.0001,7e-05,2015,2024
060309,pb,17,14,29.4,0.0,0.021,0.011955,2015,2024
060415,as,42,37,9.5,2.4,0.28812,0.001925,2013,2018
060415,cd,42,37,11.9,7.1,0.014,0.0008500000000000001,2013,2018
060415,hg,42,37,0.0,0.0,0.0001,0.0001,2013,2018
060415,pb,42,37,2.4,0.0,0.017,0.0021,2013,2018
060602,as,6,6,33.3,16.7,957.0,0.004855,2019,2020
060602,cd,6,6,16.7,16.7,4.0,0.000665,2019,2020
060602,hg,6,6,16.7,16.7,70.0,,2019,2020
060602,pb,6,6,66.7,16.7,0.0592,0.0207,2019,2020
060603,as,2,2,50.0,50.0,0.209,0.209,2015,2015
060603,cd,2,2,0.0,0.0,0.0004,,2015,2015
060603,hg,2,2,0.0,0.0,0.0001,,2015,2015
060603,pb,2,2,100.0,100.0,0.183,0.1455,2015,2015
060701,as,25,24,44.0,16.0,0.1309,0.018,2013,2018
060701,cd,25,24,40.0,8.0,0.0281,0.0034,2013,2018
060701,hg,24,24,0.0,0.0,0.0001,,2013,2018
060701,pb,25,24,24.0,4.0,0.062,0.008199999999999999,2013,2018
060702,as,91,52,18.7,8.8,0.34904,0.00361,2016,2023
060702,cd,100,59,11.0,8.0,0.223,0.00166,2016,2025
060702,hg,101,59,0.0,0.0,0.000306,0.000203,2016,2025
060702,pb,99,58,30.3,6.1,0.0726,0.016550000000000002,2016,2025
060703,as,642,247,51.2,24.1,48.0,0.022,2013,2025
060703,cd,661,249,55.5,40.8,137.0,0.0115,2013,2026
060703,hg,658,248,0.8,0.8,1.0,0.00014,2013,2026
060703,pb,661,249,47.8,23.1,201.0,0.020900000000000002,2013,2026
060801,as,1,1,0.0,0.0,0.00989,0.00989,2021,2021
060801,cd,1,1,0.0,0.0,0.00054,0.00054,2021,2021
060801,hg,1,1,0.0,0.0,0.000157,0.000157,2021,2021
060801,pb,1,1,100.0,0.0,0.02911,0.02911,2021,2021
060802,as,2,2,50.0,0.0,0.0103,0.0103,2021,2022
060802,cd,2,2,0.0,0.0,0.00072,0.00072,2021,2022
060802,hg,2,2,0.0,0.0,0.000113,0.000113,2021,2022
060802,pb,2,2,50.0,0.0,0.02373,0.012365000000000001,2021,2022
060804,as,2,2,0.0,0.0,0.00271,0.00222,2019,2021
060804,cd,2,2,0.0,0.0,1e-05,,2019,2021
060804,hg,2,2,0.0,0.0,7e-05,,2019,2021
060804,pb,2,2,0.0,0.0,0.0018,0.0009649999999999999,2019,2021
060808,as,10,10,20.0,10.0,0.14076,0.00309,2016,2021
060808,cd,10,10,0.0,0.0,0.00107,0.00107,2016,2021
060808,hg,10,10,0.0,0.0,0.00055,0.00055,2016,2021
060808,pb,10,10,10.0,10.0,0.0978,0.0024,2016,2021
060810,as,4,4,0.0,0.0,0.00465,0.002545,2019,2022
060810,cd,4,4,0.0,0.0,0.0002,,2019,2022
060810,hg,4,4,0.0,0.0,0.0001,,2019,2022
060810,pb,4,4,0.0,0.0,0.0034,0.0017449999999999998,2019,2022
061104,as,5,5,0.0,0.0,0.007,0.00057,2016,2019
061104,cd,7,7,14.3,14.3,0.23287,0.00196,2016,2025
061104,hg,7,7,0.0,0.0,0.0001,,2016,2025
061104,pb,7,7,14.3,14.3,0.0717,0.0071,2016,2025
061107,as,53,33,11.3,5.7,1.588,0.003,2013,2025
061107,cd,60,37,36.7,20.0,0.306,0.004569999999999999,2013,2025
061107,hg,60,36,1.7,1.7,0.0011,0.0003,2013,2025
061107,pb,57,33,5.3,5.3,0.501,0.0011,2013,2025
061111,as,8,6,0.0,0.0,0.007,0.00107,2015,2019
061111,cd,11,9,27.3,9.1,0.012,0.004175,2013,2019
061111,hg,13,11,0.0,0.0,0.0008,0.0004,2013,2019
061111,pb,8,6,0.0,0.0,0.0035,0.002,2015,2019
061112,as,2,1,0.0,0.0,0.007,,2016,2017
061112,cd,2,1,0.0,0.0,0.001,,2016,2017
061112,hg,2,1,0.0,0.0,0.0001,,2016,2017
061112,pb,2,1,0.0,0.0,0.001,,2016,2017
061201,as,6,6,0.0,0.0,0.007,,2016,2016
061201,cd,6,6,0.0,0.0,0.001,,2016,2016
061201,hg,6,6,0.0,0.0,0.0001,,2016,2016
061201,pb,6,6,0.0,0.0,0.001,,2016,2016
061204,as,4,4,0.0,0.0,0.00291,0.002895,2018,2018
061204,cd,4,4,0.0,0.0,1e-05,,2018,2018
061204,hg,4,4,0.0,0.0,3e-05,,2018,2018
061204,pb,4,4,0.0,0.0,0.0035,0.0035,2018,2018
061303,as,1,1,0.0,0.0,0.007,,2017,2017
061303,cd,1,1,0.0,0.0,0.001,,2017,2017
061303,hg,1,1,0.0,0.0,0.0001,,2017,2017
061303,pb,1,1,0.0,0.0,0.001,,2017,2017
061307,as,112,54,8.9,2.7,1.019,0.0023,2014,2025
061307,cd,115,54,8.7,2.6,0.064,0.00158,2014,2026
061307,hg,100,40,0.0,0.0,0.0001,0.0001,2014,2026
061307,pb,114,54,7.9,2.6,0.1518,0.003,2014,2026
070106,as,3,3,0.0,0.0,0.001,,2022,2022
070106,cd,4,4,0.0,0.0,0.00034,0.00034,2022,2025
070106,hg,4,4,0.0,0.0,0.0001,0.0001,2022,2025
070106,pb,4,4,0.0,0.0,0.0061,0.0061,2022,2025
080106,as,6,6,0.0,0.0,0.001,0.001,2022,2022
080106,cd,6,6,0.0,0.0,0.002,,2022,2022
080106,hg,6,6,0.0,0.0,0.0001,,2022,2022
080106,pb,6,6,0.0,0.0,0.001,0.001,2022,2022
080303,cd,2,2,0.0,0.0,0.0002,,2025,2025
080303,hg,2,2,0.0,0.0,0.0001,,2025,2025
080303,pb,2,2,0.0,0.0,0.001,,2025,2025
080307,as,1,1,0.0,0.0,0.00175,0.00175,2018,2018
080307,cd,1,1,0.0,0.0,1e-05,,2018,2018
080307,hg,1,1,0.0,0.0,3e-05,,2018,2018
080307,pb,1,1,0.0,0.0,0.0004,0.0004,2018,2018
080401,as,4,2,100.0,0.0,0.023,0.020499999999999997,2016,2016
080401,cd,4,2,0.0,0.0,0.001,0.001,2016,2016
080401,hg,4,2,0.0,0.0,0.0001,,2016,2016
080401,pb,4,2,50.0,0.0,0.014,0.014,2016,2016
080503,as,14,14,0.0,0.0,0.003,0.002,2024,2024
080503,cd,14,14,0.0,0.0,0.0002,,2024,2024
080503,hg,14,14,0.0,0.0,0.0001,,2024,2024
080503,pb,14,14,0.0,0.0,0.0023,0.0023,2024,2024
080701,as,38,27,7.9,0.0,0.02986,0.0021,2014,2025
080701,cd,52,33,26.9,9.6,0.02401,0.00238,2014,2026
080701,hg,50,32,0.0,0.0,0.0004,0.00019999999999999998,2014,2026
080701,pb,51,33,29.4,15.7,0.3575,0.0223,2014,2026
080702,as,6,6,0.0,0.0,0.007,0.00085,2017,2021
080702,cd,6,6,0.0,0.0,0.001,,2017,2021
080702,hg,6,6,0.0,0.0,0.001,7e-05,2017,2021
080702,pb,6,6,16.7,16.7,0.67,0.67,2017,2021
080703,as,19,15,21.1,0.0,0.055,0.023895,2015,2024
080703,cd,19,15,0.0,0.0,0.0002,,2015,2024
080703,hg,19,15,0.0,0.0,0.0001,,2015,2024
080703,pb,19,15,5.3,0.0,0.015,0.0032500000000000003,2015,2024
080704,as,5,5,20.0,0.0,0.061,0.061,2015,2015
080704,cd,5,5,0.0,0.0,0.001,,2015,2015
080704,hg,5,5,0.0,0.0,0.0001,,2015,2015
080704,pb,5,5,0.0,0.0,0.001,,2015,2015
080705,as,6,6,0.0,0.0,0.001,,2024,2024
080705,cd,6,6,0.0,0.0,0.0002,,2024,2024
080705,hg,6,6,0.0,0.0,0.0001,0.0001,2024,2024
080705,pb,6,6,0.0,0.0,0.001,,2024,2024
080707,as,194,93,8.2,2.6,30.0,0.0012850000000000001,2013,2024
080707,cd,199,93,11.1,1.0,0.054,0.00074,2013,2026
080707,hg,195,89,0.0,0.0,0.0009,0.0001,2013,2026
080707,pb,199,93,1.5,0.5,0.36,0.00031,2013,2026
080708,as,156,50,0.6,0.6,4.0,0.0006,2014,2025
080708,cd,162,50,2.5,2.5,0.0932,0.013365,2014,2025
080708,hg,162,50,0.0,0.0,0.0001,7e-05,2014,2025
080708,pb,162,50,3.7,1.2,0.1221,0.00173,2014,2025
080801,as,572,222,13.3,1.0,120.0,0.00365,2013,2025
080801,cd,679,237,0.3,0.3,20.0,0.0002,2013,2026
080801,hg,611,227,0.5,0.5,100.0,0.0001,2013,2026
080801,pb,680,237,0.9,0.4,10.0,0.00119,2013,2026
080802,as,4,4,0.0,0.0,0.007,,2015,2022
080802,cd,4,4,25.0,25.0,0.0495,0.0495,2015,2022
080802,hg,4,4,0.0,0.0,0.0001,,2015,2022
080802,pb,4,4,0.0,0.0,0.001,,2015,2022
080803,as,9,9,0.0,0.0,0.002,0.00114,2018,2024
080803,cd,9,9,0.0,0.0,0.0002,2e-05,2018,2024
080803,hg,9,9,0.0,0.0,0.0001,,2018,2024
080803,pb,9,9,0.0,0.0,0.0064,0.003195,2018,2024
080805,as,20,16,65.0,0.0,0.09,0.013000000000000001,2013,2024
080805,cd,20,16,0.0,0.0,0.0024,0.000555,2013,2024
080805,hg,18,16,0.0,0.0,0.0003,0.0003,2013,2024
080805,pb,20,16,5.0,0.0,0.018,0.006,2013,2024
080806,as,14,7,64.3,0.0,0.028,0.018175,2015,2023
080806,cd,14,7,0.0,0.0,0.001,,2015,2023
080806,hg,12,7,0.0,0.0,0.0001,,2015,2023
080806,pb,14,7,0.0,0.0,0.006,0.0016,2015,2023
080807,as,53,18,1.9,0.0,0.02,0.00136,2013,2022
080807,cd,54,18,7.4,0.0,0.00405,0.001385,2013,2022
080807,hg,54,18,1.9,1.9,1.0,0.0001,2013,2022
080807,pb,54,18,20.4,3.7,0.38661,0.006425,2013,2022
080902,as,179,155,10.1,0.6,0.256,0.00367,2015,2024
080902,cd,183,159,1.1,0.5,0.013,0.00035,2015,2026
080902,hg,179,155,0.6,0.6,70.0,0.0001,2015,2026
080902,pb,187,163,11.8,0.5,0.0557,0.004,2015,2026
081002,as,6,5,0.0,0.0,0.007,,2015,2016
081002,cd,6,5,0.0,0.0,0.001,0.001,2015,2016
081002,hg,6,5,0.0,0.0,0.0001,0.0001,2015,2016
081002,pb,6,5,0.0,0.0,0.001,0.001,2015,2016
081006,as,13,13,0.0,0.0,0.003,,2013,2023
081006,cd,13,13,61.5,0.0,0.004,,2013,2023
081006,hg,13,13,61.5,61.5,1.0,,2013,2023
081006,pb,13,13,61.5,0.0,0.02,,2013,2023
081203,as,2,2,0.0,0.0,0.001,,2022,2022
081203,cd,1,1,0.0,0.0,0.0002,,2022,2022
081203,hg,1,1,0.0,0.0,0.0001,,2022,2022
081203,pb,1,1,0.0,0.0,0.001,,2022,2022
090101,as,109,56,9.2,0.0,0.0835,0.00616,2015,2023
090101,cd,109,56,22.0,13.8,0.0242,0.011,2015,2023
090101,hg,89,45,3.4,3.4,0.0017,0.00029,2015,2023
090101,pb,109,56,42.2,28.4,4.538,0.036,2015,2023
090102,as,21,13,19.0,19.0,1.109,0.00735,2015,2018
090102,cd,21,13,33.3,19.0,0.151,0.03138,2015,2018
090102,hg,16,8,6.2,6.2,3.0,6.500000000000001e-05,2016,2018
090102,pb,21,13,33.3,19.0,206.0,0.0471,2015,2018
090103,as,2,1,50.0,0.0,0.018,0.013,2024,2024
090103,cd,2,1,0.0,0.0,0.0007,0.0007,2024,2024
090103,hg,2,1,0.0,0.0,8.5e-05,,2024,2024
090103,pb,2,1,50.0,0.0,0.0378,0.0378,2024,2024
090106,as,279,119,40.5,10.0,3.5584,0.0141,2013,2025
090106,cd,299,120,39.5,27.1,1.0215,0.0098,2013,2026
090106,hg,299,120,0.3,0.3,0.00234,0.0001,2013,2026
090106,pb,299,120,44.5,29.4,17.45,0.03503,2013,2026
090114,as,13,10,30.8,0.0,0.012,0.0074,2015,2017
090114,cd,13,10,0.0,0.0,0.001,0.0002,2015,2017
090114,hg,12,9,0.0,0.0,0.0001,,2015,2017
090114,pb,13,10,0.0,0.0,0.0086,0.00345,2015,2017
090117,as,1,1,0.0,0.0,0.001,,2023,2023
090117,cd,1,1,0.0,0.0,0.0002,,2023,2023
090117,hg,1,1,0.0,0.0,0.0001,,2023,2023
090117,pb,1,1,100.0,100.0,0.157,0.157,2023,2023
090118,as,26,16,23.1,0.0,0.021,0.008,2015,2023
090118,cd,25,16,0.0,0.0,0.0024,0.001,2015,2023
090118,hg,24,16,0.0,0.0,0.0002,0.000145,2015,2023
090118,pb,26,16,3.8,0.0,0.012,0.004,2015,2023
090119,as,65,44,12.3,0.0,0.022,0.00757,2013,2024
090119,cd,66,44,0.0,0.0,0.003,0.001,2013,2024
090119,hg,51,38,0.0,0.0,0.0001,0.0001,2015,2024
090119,pb,65,44,15.4,1.5,0.206,0.006235,2013,2024
090203,as,1,1,100.0,0.0,0.0173,0.0173,2015,2015
090203,cd,1,1,0.0,0.0,0.0009,0.0009,2015,2015
090203,hg,1,1,0.0,0.0,0.0001,,2015,2015
090203,pb,1,1,0.0,0.0,0.0077,0.0077,2015,2015
090206,as,4,4,0.0,0.0,0.007,,2016,2016
090206,cd,4,4,0.0,0.0,0.001,,2016,2016
090206,hg,4,4,0.0,0.0,0.001,,2016,2016
090206,pb,4,4,0.0,0.0,0.001,,2016,2016
090301,as,46,24,50.0,4.3,1.5888,0.01624,2013,2024
090301,cd,48,24,14.6,4.2,0.0283,0.0024400000000000003,2013,2025
090301,hg,48,24,2.1,2.1,0.0017,0.0001,2013,2025
090301,pb,48,24,45.8,6.2,4.7115,0.01065,2013,2025
090304,as,55,33,49.1,3.6,0.206,0.010715,2015,2023
090304,cd,67,34,61.2,23.9,20.0,0.0058449999999999995,2015,2026
090304,hg,67,34,1.5,1.5,85.0,8.5e-05,2015,2026
090304,pb,67,34,62.7,34.3,0.944,0.02924,2015,2026
090312,as,12,12,16.7,0.0,0.038,0.0016,2015,2019
090312,cd,12,12,16.7,8.3,0.017,0.0013,2015,2019
090312,hg,12,12,0.0,0.0,0.0001,,2015,2019
090312,pb,12,12,0.0,0.0,0.01,0.0056,2015,2019
090401,as,10,8,0.0,0.0,0.009,0.0031349999999999998,2015,2019
090401,cd,10,8,40.0,20.0,0.06949,0.0021149999999999997,2015,2019
090401,hg,10,8,0.0,0.0,0.0001,,2015,2019
090401,pb,9,8,22.2,0.0,0.0187,0.002395,2015,2019
090404,as,2,2,0.0,0.0,0.007,,2017,2017
090404,cd,2,2,0.0,0.0,0.001,,2017,2017
090404,hg,2,2,0.0,0.0,0.0001,,2017,2017
090404,pb,2,2,0.0,0.0,0.001,,2017,2017
090411,as,105,59,8.6,3.8,1.28151,0.00227,2013,2024
090411,cd,111,59,45.0,23.4,20.0,0.006,2013,2025
090411,hg,108,56,0.9,0.9,0.0014,0.00057,2013,2025
090411,pb,111,59,27.0,4.5,0.236,0.0075450000000000005,2013,2025
090509,as,54,28,87.0,14.8,3.69542,0.041595,2015,2025
090509,cd,63,33,12.7,7.9,1.0,0.00081,2015,2026
090509,hg,62,33,0.0,0.0,0.00098,0.00083,2015,2026
090509,pb,63,33,52.4,22.2,4.2957,0.0225,2015,2026
090510,as,1,1,0.0,0.0,0.007,,2016,2016
090510,cd,1,1,0.0,0.0,0.001,,2016,2016
090510,hg,1,1,0.0,0.0,0.0001,,2016,2016
090510,pb,1,1,0.0,0.0,0.001,,2016,2016
090605,as,5,5,0.0,0.0,0.001,,2021,2024
090605,cd,9,6,0.0,0.0,0.0003,0.0003,2021,2026
090605,hg,9,6,0.0,0.0,0.0001,,2021,2026
090605,pb,9,6,0.0,0.0,0.001,,2021,2026
090606,as,16,10,12.5,6.2,0.2673,0.007,2016,2024
090606,cd,22,11,0.0,0.0,0.001,,2016,2026
090606,hg,22,11,4.5,4.5,100.0,,2016,2026
090606,pb,22,11,4.5,0.0,0.0352,0.0352,2016,2026
090607,as,7,6,0.0,0.0,0.007,0.00441,2015,2019
090607,cd,7,6,42.9,0.0,0.004,0.00363,2015,2019
090607,hg,7,6,0.0,0.0,0.0001,0.0001,2015,2019
090607,pb,7,6,0.0,0.0,0.001,0.000865,2015,2019
090613,as,2,2,0.0,0.0,0.001,,2021,2021
090613,cd,2,2,0.0,0.0,0.0002,,2021,2021
090613,hg,2,2,0.0,0.0,0.0001,,2021,2021
090613,pb,2,2,0.0,0.0,0.001,,2021,2021
090616,as,2,2,0.0,0.0,0.007,,2015,2016
090616,cd,2,2,0.0,0.0,0.0024,,2015,2016
090616,hg,2,2,50.0,50.0,0.416,0.20809999999999998,2015,2016
090616,pb,2,2,50.0,0.0,0.012,0.012,2015,2016
090704,as,19,4,57.9,5.3,0.114,0.014,2016,2024
090704,cd,19,4,21.1,0.0,0.0051,0.0022500000000000003,2016,2024
090704,hg,19,4,5.3,5.3,0.523,0.00029949999999999996,2016,2024
090704,pb,19,4,57.9,42.1,0.4076,0.03315,2016,2024
090705,as,16,3,87.5,12.5,0.18833,0.015715,2021,2024
090705,cd,16,3,12.5,0.0,0.00636,0.00118,2021,2024
090705,hg,16,3,0.0,0.0,0.000625,0.00014649999999999998,2021,2024
090705,pb,16,3,25.0,18.8,0.39837,0.003185,2021,2024
090717,as,2,1,100.0,50.0,0.218,0.11776,2021,2021
090717,cd,2,1,50.0,0.0,0.00763,0.00763,2021,2021
090717,hg,2,1,0.0,0.0,0.000556,0.000556,2021,2021
090717,pb,2,1,50.0,50.0,0.4156,0.2093,2021,2021
100101,as,5,5,60.0,60.0,111.0,95.0,2020,2020
100101,cd,5,5,60.0,60.0,1.0,4.5e-05,2020,2020
100101,hg,5,5,20.0,20.0,70.0,7e-05,2020,2020
100101,pb,5,5,60.0,60.0,87.0,74.0,2020,2020
100105,as,1,1,0.0,0.0,0.007,,2015,2015
100105,cd,1,1,0.0,0.0,0.001,,2015,2015
100105,hg,1,1,0.0,0.0,0.0001,,2015,2015
100105,pb,1,1,0.0,0.0,0.003,0.003,2015,2015
100106,as,13,13,46.2,46.2,114.0,0.00073,2020,2020
100106,cd,13,13,46.2,46.2,1.0,5e-05,2020,2020
100106,hg,13,13,15.4,15.4,70.0,7e-05,2020,2020
100106,pb,13,13,46.2,46.2,288.0,0.003175,2020,2020
100108,as,7,5,0.0,0.0,0.007,0.006,2013,2015
100108,cd,7,5,0.0,0.0,0.0014,0.0012,2013,2015
100108,hg,7,5,0.0,0.0,0.0001,,2013,2015
100108,pb,6,4,16.7,0.0,0.011,0.01,2013,2015
100206,as,18,15,5.6,0.0,0.036,0.003685,2015,2019
100206,cd,18,15,0.0,0.0,0.001,,2015,2019
100206,hg,18,15,0.0,0.0,0.0001,,2015,2019
100206,pb,18,15,0.0,0.0,0.0029,0.00085,2015,2019
100501,as,2,2,0.0,0.0,0.0041,0.0026750000000000003,2017,2023
100501,cd,2,2,0.0,0.0,0.0002,,2017,2023
100501,hg,2,2,0.0,0.0,0.0001,,2017,2023
100501,pb,2,2,0.0,0.0,0.001,,2017,2023
100504,as,2,2,0.0,0.0,0.0027,0.0024000000000000002,2023,2023
100504,cd,2,2,0.0,0.0,0.0002,,2023,2023
100504,hg,2,2,0.0,0.0,0.0001,,2023,2023
100504,pb,2,2,0.0,0.0,0.001,,2023,2023
100507,as,12,8,0.0,0.0,0.007,0.0015,2015,2023
100507,cd,12,8,0.0,0.0,0.0024,,2015,2023
100507,hg,12,8,0.0,0.0,0.00043,0.00042,2015,2023
100507,pb,12,8,0.0,0.0,0.004,,2015,2023
100602,as,2,1,0.0,0.0,0.007,,2015,2015
100602,cd,4,3,0.0,0.0,0.0024,,2015,2025
100602,hg,4,3,0.0,0.0,0.00068,0.00068,2015,2025
100602,pb,4,3,0.0,0.0,0.0047,0.0047,2015,2025
100606,as,2,1,0.0,0.0,0.007,,2015,2015
100606,cd,2,1,0.0,0.0,0.0024,,2015,2015
100606,hg,2,1,0.0,0.0,0.00048,0.00048,2015,2015
100606,pb,2,1,0.0,0.0,0.004,,2015,2015
100702,as,1,1,0.0,0.0,0.0006,,2015,2015
100702,cd,1,1,0.0,0.0,0.0024,,2015,2015
100702,hg,1,1,0.0,0.0,8e-05,,2015,2015
100702,pb,1,1,0.0,0.0,0.004,,2015,2015
100903,as,2,1,0.0,0.0,0.007,,2016,2016
100903,cd,2,1,0.0,0.0,0.001,,2016,2016
100903,hg,2,1,50.0,50.0,0.0016,0.0016,2016,2016
100903,pb,2,1,0.0,0.0,0.001,,2016,2016
100904,as,16,13,0.0,0.0,0.007,0.00375,2015,2016
100904,cd,16,13,0.0,0.0,0.001,,2015,2016
100904,hg,16,13,12.5,12.5,0.0019,0.00175,2015,2016
100904,pb,16,13,6.2,0.0,0.012,0.0014,2015,2016
101001,as,7,7,0.0,0.0,0.007,,2016,2016
101001,cd,7,7,0.0,0.0,0.001,,2016,2016
101001,hg,7,7,0.0,0.0,0.0001,,2016,2016
101001,pb,7,7,0.0,0.0,0.001,,2016,2016
101005,as,2,2,0.0,0.0,0.007,,2016,2016
101005,cd,2,2,0.0,0.0,0.001,,2016,2016
101005,hg,2,2,0.0,0.0,0.0001,,2016,2016
101005,pb,2,2,0.0,0.0,0.001,,2016,2016
101007,as,76,54,26.3,0.0,0.0403,0.012,2015,2024
101007,cd,76,54,10.5,5.3,20.0,0.00217,2015,2024
101007,hg,74,52,0.0,0.0,0.001,0.0001,2015,2024
101007,pb,76,54,15.8,6.6,0.8613,0.0094,2015,2024
110202,as,3,3,100.0,0.0,0.01464,0.01452,2020,2020
110202,cd,3,3,0.0,0.0,1e-05,1e-05,2020,2020
110202,hg,3,3,0.0,0.0,7e-05,,2020,2020
110202,pb,3,3,0.0,0.0,0.00013,0.00011,2020,2020
110203,as,38,22,5.3,0.0,0.03372,0.001575,2013,2023
110203,cd,40,24,17.5,15.0,0.05556,0.0023,2013,2023
110203,hg,35,19,0.0,0.0,0.001,0.0001,2014,2023
110203,pb,40,24,7.5,2.5,0.5657,0.00405,2013,2023
110204,as,2,2,50.0,0.0,0.0111,0.00952,2019,2019
110204,cd,2,2,0.0,0.0,1e-05,,2019,2019
110204,hg,2,2,0.0,0.0,3e-05,,2019,2019
110204,pb,2,2,0.0,0.0,0.0009,0.00065,2019,2019
110205,as,2,2,100.0,0.0,0.014,0.0135,2016,2016
110205,cd,2,2,0.0,0.0,0.001,,2016,2016
110205,hg,2,2,0.0,0.0,0.0001,,2016,2016
110205,pb,2,2,0.0,0.0,0.001,,2016,2016
110302,as,2,2,100.0,0.0,0.025,0.0245,2016,2016
110302,cd,2,2,0.0,0.0,0.001,,2016,2016
110302,hg,2,2,0.0,0.0,0.0001,,2016,2016
110302,pb,2,2,0.0,0.0,0.001,,2016,2016
110304,as,5,5,0.0,0.0,0.001,,2023,2023
110304,cd,5,5,0.0,0.0,0.0002,,2023,2023
110304,hg,5,5,0.0,0.0,0.0001,,2023,2023
110304,pb,5,5,0.0,0.0,0.001,,2023,2023
110305,as,12,7,0.0,0.0,0.007,0.0016350000000000002,2016,2018
110305,cd,12,7,0.0,0.0,0.001,0.001,2016,2018
110305,hg,12,7,0.0,0.0,0.0001,0.0001,2016,2018
110305,pb,12,7,0.0,0.0,0.009,0.008,2016,2018
110504,as,2,2,100.0,0.0,0.048,0.0435,2016,2016
110504,cd,2,2,0.0,0.0,0.001,,2016,2016
110504,hg,2,2,0.0,0.0,0.0001,,2016,2016
110504,pb,2,2,0.0,0.0,0.003,0.003,2016,2016
110505,as,1,1,0.0,0.0,0.001,,2023,2023
110505,cd,1,1,0.0,0.0,0.0002,,2023,2023
110505,hg,1,1,0.0,0.0,1e-05,,2023,2023
110505,pb,1,1,0.0,0.0,0.001,,2023,2023
120108,as,138,51,58.7,16.7,146626.0,0.022905000000000002,2015,2024
120108,cd,145,54,31.0,25.5,1.0,0.00708,2015,2026
120108,hg,145,54,0.0,0.0,0.00085,0.0001,2015,2026
120108,pb,145,54,23.4,14.5,1.2717,0.00639,2015,2026
120114,as,1,1,0.0,0.0,0.00721,0.00721,2018,2018
120114,cd,1,1,0.0,0.0,1e-05,,2018,2018
120114,hg,1,1,0.0,0.0,3e-05,,2018,2018
120114,pb,1,1,0.0,0.0,0.0028,0.0028,2018,2018
120120,as,1,1,100.0,0.0,0.012,0.012,2023,2023
120120,cd,1,1,0.0,0.0,0.0002,,2023,2023
120120,hg,1,1,0.0,0.0,0.0001,,2023,2023
120120,pb,1,1,0.0,0.0,0.001,,2023,2023
120204,as,2,2,50.0,0.0,0.01156,0.009840000000000002,2018,2018
120204,cd,2,2,0.0,0.0,1e-05,,2018,2018
120204,hg,2,2,0.0,0.0,3e-05,,2018,2018
120204,pb,2,2,0.0,0.0,0.0007,0.0007,2018,2018
120206,as,33,23,0.0,0.0,0.01,0.00021,2015,2024
120206,cd,33,23,0.0,0.0,0.001,,2015,2024
120206,hg,33,23,0.0,0.0,0.0001,,2015,2024
120206,pb,33,23,0.0,0.0,0.004,0.001,2015,2024
120213,as,2,2,50.0,0.0,0.01104,0.010005,2018,2018
120213,cd,2,2,0.0,0.0,1e-05,,2018,2018
120213,hg,2,2,0.0,0.0,3e-05,,2018,2018
120213,pb,2,2,0.0,0.0,0.0002,,2018,2018
120214,as,66,45,81.8,57.6,3.9336,0.26631,2013,2023
120214,cd,67,46,17.9,4.5,0.03347,0.00356,2013,2023
120214,hg,67,46,0.0,0.0,0.001,,2013,2023
120214,pb,67,46,4.5,3.0,0.7291,0.0017,2013,2023
120304,cd,2,1,0.0,0.0,0.0002,,2025,2025
120304,hg,2,1,0.0,0.0,0.0001,,2025,2025
120304,pb,2,1,0.0,0.0,0.0041,0.0041,2025,2025
120305,as,38,24,5.3,2.6,10.0,0.00212,2015,2023
120305,cd,38,24,0.0,0.0,0.00222,0.00161,2015,2023
120305,hg,38,24,0.0,0.0,0.001,0.0006900000000000001,2015,2023
120305,pb,38,24,7.9,2.6,0.0843,0.003,2015,2023
120306,as,140,68,3.6,0.7,10.0,0.00301,2015,2024
120306,cd,174,70,6.9,5.2,20.0,0.001,2015,2026
120306,hg,171,69,2.9,2.9,100.0,0.00041,2015,2026
120306,pb,173,70,47.4,18.5,20335.0,0.0165,2015,2026
120405,as,12,8,58.3,33.3,1.546,0.17245,2018,2023
120405,cd,12,8,8.3,8.3,0.02133,0.010735,2018,2023
120405,hg,12,8,0.0,0.0,0.0001,,2018,2023
120405,pb,12,8,8.3,8.3,2.931,0.0011,2018,2023
120419,as,50,11,24.0,0.0,0.03143,0.004835,2018,2024
120419,cd,53,14,1.9,1.9,0.105,0.000355,2018,2025
120419,hg,54,15,0.0,0.0,0.0003,,2018,2025
120419,pb,54,15,11.1,3.7,0.06683,0.0051,2018,2025
120426,as,2,2,0.0,0.0,0.007,,2017,2017
120426,cd,2,2,0.0,0.0,0.001,,2017,2017
120426,hg,2,2,0.0,0.0,0.0001,0.0001,2017,2017
120426,pb,2,2,0.0,0.0,0.001,,2017,2017
120431,as,7,7,0.0,0.0,0.007,0.00185,2015,2016
120431,cd,7,7,0.0,0.0,0.001,,2015,2016
120431,hg,7,7,0.0,0.0,0.0001,,2015,2016
120431,pb,7,7,0.0,0.0,0.0049,0.003,2015,2016
120502,as,63,32,7.9,1.6,10.0,0.002745,2013,2022
120502,cd,62,32,3.2,1.6,20.0,0.0024,2013,2022
120502,hg,57,26,0.0,0.0,0.001,,2013,2022
120502,pb,63,32,9.5,0.0,0.0269,0.0010500000000000002,2013,2022
120504,as,20,15,0.0,0.0,0.007,0.00219,2015,2018
120504,cd,20,15,0.0,0.0,0.001,,2015,2018
120504,hg,20,15,0.0,0.0,0.0001,,2015,2018
120504,pb,20,15,0.0,0.0,0.003,0.0008500000000000001,2015,2018
120601,as,2,2,50.0,0.0,0.01634,0.008490000000000001,2021,2021
120601,cd,2,2,0.0,0.0,7e-05,7e-05,2021,2021
120601,hg,2,2,0.0,0.0,7e-05,,2021,2021
120601,pb,2,2,50.0,0.0,0.01764,0.008915,2021,2021
120604,as,6,6,0.0,0.0,0.00168,0.00114,2018,2022
120604,cd,6,6,0.0,0.0,0.0002,1e-05,2018,2022
120604,hg,6,6,0.0,0.0,0.0001,,2018,2022
120604,pb,6,6,0.0,0.0,0.0058,0.0033499999999999997,2018,2022
120608,as,1,1,0.0,0.0,0.00152,0.00152,2018,2018
120608,cd,1,1,0.0,0.0,1e-05,,2018,2018
120608,hg,1,1,0.0,0.0,3e-05,,2018,2018
120608,pb,1,1,0.0,0.0,0.0014,0.0014,2018,2018
120701,as,7,7,14.3,0.0,0.01634,0.0029549999999999997,2017,2018
120701,cd,7,7,0.0,0.0,0.001,0.00036,2017,2018
120701,hg,7,7,0.0,0.0,0.0001,,2017,2018
120701,pb,7,7,0.0,0.0,0.0031,0.001,2017,2018
120703,as,6,6,0.0,0.0,0.0006,,2015,2015
120703,cd,6,6,0.0,0.0,0.0024,,2015,2015
120703,pb,6,6,0.0,0.0,0.004,0.004,2015,2015
120801,as,32,10,75.0,0.0,0.08773,0.012709999999999999,2016,2024
120801,cd,36,10,0.0,0.0,0.002,0.00058,2016,2025
120801,hg,36,10,0.0,0.0,0.000259,0.000145,2016,2025
120801,pb,36,10,30.6,5.6,0.056,0.00426,2016,2025
120803,as,139,56,37.4,5.0,386.0,0.009205,2015,2024
120803,cd,152,58,2.6,2.0,100.0,0.00076,2015,2025
120803,hg,152,58,0.0,0.0,0.0001,7e-05,2015,2025
120803,pb,152,58,25.7,3.9,0.2407,0.00639,2015,2025
120804,as,14,14,57.1,0.0,0.01906,0.01146,2018,2019
120804,cd,14,14,0.0,0.0,0.00029,0.00015000000000000001,2018,2019
120804,hg,14,14,0.0,0.0,7e-05,,2018,2019
120804,pb,14,14,0.0,0.0,0.00428,0.0015,2018,2019
120805,as,187,110,32.1,14.4,53.12,0.0184,2013,2025
120805,cd,198,112,49.5,25.8,202.0,0.008,2013,2026
120805,hg,190,104,2.6,2.6,85.0,0.0006,2013,2026
120805,pb,200,112,30.0,13.0,464.0,0.0089,2013,2026
120806,as,31,11,58.1,9.7,36.94,0.01282,2013,2023
120806,cd,31,11,0.0,0.0,0.001,0.00036,2013,2023
120806,hg,31,11,3.2,3.2,0.0601,0.0002,2013,2023
120806,pb,31,11,41.9,0.0,0.027,0.0114,2013,2023
120807,as,151,77,35.1,5.3,0.49389,0.011365,2013,2025
120807,cd,167,82,7.2,4.2,0.2218,0.00109,2013,2025
120807,hg,164,79,0.6,0.6,0.0014,0.0002,2013,2025
120807,pb,167,82,18.6,4.8,0.21,0.005945000000000001,2013,2025
120808,as,16,9,75.0,0.0,0.077,0.033,2016,2024
120808,cd,19,9,5.3,0.0,0.004,0.00058,2016,2025
120808,hg,19,9,10.5,10.5,1.0,0.0003,2016,2025
120808,pb,19,9,31.6,10.5,0.116,0.005,2016,2025
120809,as,12,12,25.0,8.3,0.60015,0.00701,2019,2021
120809,cd,12,12,25.0,16.7,0.87589,0.002255,2019,2021
120809,hg,12,12,0.0,0.0,7e-05,,2019,2021
120809,pb,12,12,41.7,16.7,0.4953,0.00585,2019,2021
120810,as,214,127,30.8,3.7,1137.0,0.009,2013,2024
120810,cd,243,139,14.0,6.6,1801.0,0.00142,2013,2026
120810,hg,242,138,2.5,2.5,0.01,0.000227,2013,2026
120810,pb,243,139,34.6,14.8,4.72,0.0108,2013,2026
120901,as,1,1,0.0,0.0,0.00871,0.00871,2018,2018
120901,cd,1,1,0.0,0.0,1e-05,,2018,2018
120901,hg,1,1,0.0,0.0,3e-05,,2018,2018
120901,pb,1,1,0.0,0.0,0.0007,0.0007,2018,2018
120903,as,11,11,0.0,0.0,0.007,0.0014,2015,2018
120903,cd,11,11,9.1,9.1,0.01365,0.01365,2015,2018
120903,hg,11,11,0.0,0.0,0.0001,,2015,2018
120903,pb,11,11,0.0,0.0,0.0067,0.0022,2015,2018
120909,as,2,2,0.0,0.0,0.007,,2017,2023
120909,cd,2,2,0.0,0.0,0.001,,2017,2023
120909,hg,2,2,0.0,0.0,0.0001,,2017,2023
120909,pb,2,2,0.0,0.0,0.001,,2017,2023
130101,as,1,1,100.0,100.0,0.12419,0.12419,2024,2024
130101,cd,1,1,100.0,0.0,0.00707,0.00707,2024,2024
130101,hg,1,1,0.0,0.0,0.0001,,2024,2024
130101,pb,1,1,100.0,0.0,0.0315,0.0315,2024,2024
130106,as,1,1,100.0,0.0,0.04966,0.04966,2024,2024
130106,cd,1,1,100.0,100.0,0.01685,0.01685,2024,2024
130106,hg,1,1,0.0,0.0,0.0001,,2024,2024
130106,pb,1,1,100.0,0.0,0.0144,0.0144,2024,2024
130107,as,2,2,100.0,50.0,0.19338,0.11377999999999999,2024,2024
130107,cd,2,2,50.0,0.0,0.0074,0.005005,2024,2024
130107,hg,2,2,0.0,0.0,0.0001,,2024,2024
130107,pb,2,2,50.0,0.0,0.046,0.0254,2024,2024
130108,as,1,1,100.0,0.0,0.04966,0.04966,2024,2024
130108,cd,1,1,100.0,100.0,0.01685,0.01685,2024,2024
130108,hg,1,1,0.0,0.0,0.0001,,2024,2024
130108,pb,1,1,100.0,0.0,0.0144,0.0144,2024,2024
130501,as,3,3,0.0,0.0,0.0084,0.0069,2015,2015
130501,cd,3,3,0.0,0.0,0.0002,,2015,2015
130501,hg,3,3,0.0,0.0,0.0001,,2015,2015
130501,pb,3,3,0.0,0.0,0.0006,0.0005,2015,2015
130601,as,1,1,100.0,100.0,0.80496,0.80496,2024,2024
130601,cd,1,1,100.0,100.0,0.14733,0.14733,2024,2024
130601,hg,1,1,0.0,0.0,0.0001,,2024,2024
130601,pb,1,1,100.0,100.0,0.1998,0.1998,2024,2024
130602,as,12,9,8.3,8.3,2.01245,2.01245,2013,2024
130602,cd,12,9,8.3,8.3,0.12758,0.06459,2013,2024
130602,hg,12,9,0.0,0.0,0.0001,,2013,2024
130602,pb,12,9,8.3,8.3,0.3088,0.001,2013,2024
130605,as,24,15,0.0,0.0,0.009,0.0013,2013,2019
130605,cd,24,15,0.0,0.0,0.0022,0.0014,2013,2019
130605,hg,24,15,0.0,0.0,0.001,,2013,2019
130605,pb,24,15,0.0,0.0,0.00867,0.00441,2013,2019
130705,as,4,4,0.0,0.0,0.0067,0.0056,2024,2024
130705,cd,4,4,0.0,0.0,0.0002,,2024,2024
130705,hg,4,4,0.0,0.0,0.0001,,2024,2024
130705,pb,4,4,0.0,0.0,0.001,0.001,2024,2024
130802,as,9,7,44.4,0.0,0.0716,0.0183,2018,2022
130802,cd,9,7,0.0,0.0,0.0002,0.0002,2018,2022
130802,hg,9,7,0.0,0.0,0.0001,,2018,2022
130802,pb,9,7,0.0,0.0,0.001,0.001,2018,2022
130805,as,16,14,6.2,0.0,0.01521,0.00307,2018,2024
130805,cd,16,14,0.0,0.0,0.0002,0.00011,2018,2024
130805,hg,16,14,0.0,0.0,0.0003,,2018,2024
130805,pb,16,14,18.8,0.0,0.0377,0.00395,2018,2024
130808,as,152,77,81.6,34.2,0.6155,0.07716,2015,2024
130808,cd,152,77,1.3,0.7,2.0,0.000265,2015,2024
130808,hg,152,77,3.9,3.9,0.003,0.0003,2015,2024
130808,pb,152,77,30.3,5.9,0.2011,0.011099999999999999,2015,2024
130809,as,28,22,71.4,42.9,1.767,0.19582,2015,2020
130809,cd,28,22,14.3,0.0,0.008,0.001015,2015,2020
130809,hg,28,22,0.0,0.0,0.0005,0.00039999999999999996,2015,2020
130809,pb,28,22,53.6,39.3,0.876,0.067,2015,2020
130810,as,22,14,50.0,9.1,0.2724,0.028720000000000002,2015,2022
130810,cd,22,14,0.0,0.0,0.0024,6e-05,2015,2022
130810,hg,22,14,0.0,0.0,0.00014,0.00014,2015,2022
130810,pb,22,14,13.6,0.0,0.02,0.00185,2015,2022
130901,as,148,88,14.9,1.4,0.522,0.00274,2013,2024
130901,cd,162,95,15.4,7.4,0.22608,0.0009,2013,2025
130901,hg,162,95,5.6,5.6,0.038867,0.00067,2013,2025
130901,pb,162,95,9.3,2.5,0.423,0.00213,2013,2025
130903,as,3,2,33.3,0.0,0.084,0.084,2015,2017
130903,cd,3,2,0.0,0.0,0.001,,2015,2017
130903,hg,3,2,0.0,0.0,0.0001,,2015,2017
130903,pb,3,2,33.3,0.0,0.02,0.0115,2015,2017
130904,as,2,1,0.0,0.0,0.001,,2021,2024
130904,cd,2,1,0.0,0.0,0.0002,,2021,2024
130904,hg,2,1,0.0,0.0,0.0001,,2021,2024
130904,pb,2,1,0.0,0.0,0.001,,2021,2024
130906,as,24,15,12.5,0.0,0.0233,0.00186,2013,2024
130906,cd,26,17,0.0,0.0,0.00055,0.00043000000000000004,2013,2025
130906,hg,26,17,3.8,3.8,0.00144,0.0007899999999999999,2013,2025
130906,pb,26,17,11.5,0.0,0.0268,0.002,2013,2025
130907,as,22,21,45.5,13.6,18.2,0.01865,2013,2018
130907,cd,22,21,0.0,0.0,0.00165,0.0009,2013,2018
130907,hg,22,21,18.2,18.2,0.0155,0.00245,2013,2018
130907,pb,22,21,36.4,4.5,0.051,0.013000000000000001,2013,2018
130908,as,2,2,0.0,0.0,0.0006,,2015,2015
130908,cd,2,2,0.0,0.0,0.0024,,2015,2015
130908,hg,2,2,0.0,0.0,8e-05,,2015,2015
130908,pb,2,2,0.0,0.0,0.004,0.004,2015,2015
131001,as,6,6,0.0,0.0,0.007,,2016,2016
131001,cd,6,6,0.0,0.0,0.001,,2016,2016
131001,hg,5,5,0.0,0.0,0.0001,,2016,2016
131001,pb,6,6,0.0,0.0,0.002,0.001,2016,2016
131002,as,88,45,51.1,12.5,3.2786,0.01434,2013,2023
131002,cd,93,47,76.3,59.1,0.08109,0.024685,2013,2026
131002,hg,92,46,4.3,4.3,1.0,0.00041,2013,2026
131002,pb,93,47,47.3,4.3,0.42698,0.0121,2013,2026
131003,as,103,73,33.0,2.9,1.602,0.01385,2015,2023
131003,cd,104,73,51.9,44.2,0.06199,0.011715,2015,2026
131003,hg,104,73,4.8,4.8,0.0295,0.00047500000000000005,2015,2026
131003,pb,104,73,9.6,3.8,0.288,0.0042,2015,2026
131004,as,6,5,33.3,0.0,0.07366,0.06276000000000001,2013,2018
131004,cd,6,5,66.7,16.7,0.01378,0.011395,2013,2018
131004,hg,6,5,33.3,33.3,1.0,,2013,2018
131004,pb,6,5,66.7,0.0,0.0342,0.02955,2013,2018
131006,as,208,117,39.4,24.0,25.4985,0.029505,2013,2025
131006,cd,223,121,30.5,25.6,1.366,0.020005000000000002,2013,2026
131006,hg,223,121,0.0,0.0,0.0005,0.0001,2013,2026
131006,pb,223,121,23.3,15.7,3.315,0.01032,2013,2026
131007,as,3,3,0.0,0.0,0.001,0.001,2022,2023
131007,cd,5,5,60.0,0.0,0.0052,0.0043,2022,2026
131007,hg,5,5,0.0,0.0,0.00085,,2022,2026
131007,pb,5,5,0.0,0.0,0.0089,0.0089,2022,2026
131102,as,2,2,0.0,0.0,0.00812,0.00801,2017,2017
131102,cd,2,2,0.0,0.0,0.00139,0.0013700000000000001,2017,2017
131102,hg,2,2,0.0,0.0,3e-05,,2017,2017
131102,pb,2,2,0.0,0.0,0.0018,0.0017499999999999998,2017,2017
131103,as,5,5,80.0,20.0,1.216,0.031755,2015,2017
131103,cd,5,5,40.0,0.0,0.00459,0.0033450000000000003,2015,2017
131103,hg,5,5,0.0,0.0,0.0001,,2015,2017
131103,pb,5,5,60.0,20.0,0.1054,0.02765,2015,2017
131104,as,35,18,97.1,68.6,35.394,1.0025,2015,2021
131104,cd,35,18,97.1,82.9,4.0337,0.8160000000000001,2015,2021
131104,hg,35,18,0.0,0.0,0.00099,0.000815,2015,2021
131104,pb,35,18,80.0,62.9,0.55,0.07794999999999999,2015,2021
131201,as,8,5,0.0,0.0,0.007,,2016,2017
131201,cd,8,5,0.0,0.0,0.001,,2016,2017
131201,hg,8,5,0.0,0.0,0.0001,,2016,2017
131201,pb,8,5,0.0,0.0,0.001,,2016,2017
131202,as,8,8,0.0,0.0,0.007,0.0044,2015,2016
131202,cd,8,8,12.5,0.0,0.005,0.002,2015,2016
131202,hg,7,7,0.0,0.0,0.0006,0.00039999999999999996,2015,2016
131202,pb,8,8,0.0,0.0,0.007,0.0038000000000000004,2015,2016
131203,as,1,1,100.0,0.0,0.0205,0.0205,2015,2015
131203,cd,1,1,0.0,0.0,0.0005,0.0005,2015,2015
131203,hg,1,1,0.0,0.0,0.0001,,2015,2015
131203,pb,1,1,100.0,0.0,0.0111,0.0111,2015,2015
140101,as,1,1,0.0,0.0,0.0082,0.0082,2020,2020
140101,cd,1,1,0.0,0.0,1e-05,,2020,2020
140101,hg,1,1,0.0,0.0,7e-05,,2020,2020
140101,pb,1,1,0.0,0.0,6e-05,,2020,2020
140202,as,10,10,0.0,0.0,0.007,,2015,2016
140202,cd,10,10,0.0,0.0,0.0024,,2015,2016
140202,hg,7,7,0.0,0.0,0.0001,,2015,2016
140202,pb,10,10,0.0,0.0,0.004,,2015,2016
140310,as,6,6,0.0,0.0,0.00392,0.003055,2019,2019
140310,cd,6,6,0.0,0.0,3e-05,3e-05,2019,2019
140310,hg,6,6,0.0,0.0,0.00011,0.00011,2019,2019
140310,pb,6,6,0.0,0.0,0.00106,0.00094,2019,2019
150103,as,3,3,100.0,0.0,0.01798,0.017,2015,2018
150103,cd,3,3,0.0,0.0,0.002,0.001,2015,2018
150103,hg,3,3,0.0,0.0,0.0001,0.0001,2015,2018
150103,pb,3,3,0.0,0.0,0.009,0.008,2015,2018
150107,as,1,1,100.0,0.0,0.01799,0.01799,2024,2024
150107,cd,1,1,0.0,0.0,0.0002,0.0002,2024,2024
150107,hg,1,1,0.0,0.0,0.0001,,2024,2024
150107,pb,1,1,100.0,0.0,0.0134,0.0134,2024,2024
150108,as,1,1,0.0,0.0,0.001,,2022,2022
150108,cd,1,1,0.0,0.0,0.0002,,2022,2022
150108,hg,1,1,0.0,0.0,0.0001,,2022,2022
150108,pb,1,1,0.0,0.0,0.001,,2022,2022
150118,as,3,3,100.0,0.0,0.028,0.01762,2015,2024
150118,cd,3,3,33.3,0.0,0.006,0.006,2015,2024
150118,hg,3,3,0.0,0.0,0.0006,0.0006,2015,2024
150118,pb,3,3,100.0,0.0,0.0152,0.0143,2015,2024
150119,as,28,28,3.6,0.0,0.01266,0.00273,2020,2023
150119,cd,27,27,0.0,0.0,0.00023,4e-05,2020,2023
150119,hg,28,28,7.1,7.1,0.001543,0.001528,2020,2023
150119,pb,28,28,17.9,3.6,0.53206,0.00577,2020,2023
150202,as,3,3,0.0,0.0,0.007,,2017,2017
150202,cd,3,3,0.0,0.0,0.001,,2017,2017
150202,hg,3,3,0.0,0.0,0.0001,,2017,2017
150202,pb,3,3,0.0,0.0,0.007,0.006,2017,2017
150203,as,6,6,33.3,0.0,0.0171,0.016649999999999998,2015,2016
150203,cd,6,6,0.0,0.0,0.001,0.0002,2015,2016
150203,hg,6,6,0.0,0.0,0.0006,0.0006,2015,2016
150203,pb,6,6,33.3,0.0,0.015,0.0116,2015,2016
150301,as,36,24,13.9,5.6,7.0,0.0063,2014,2023
150301,cd,49,37,0.0,0.0,0.002,0.001,2014,2025
150301,hg,47,37,0.0,0.0,0.0001,,2014,2025
150301,pb,49,37,34.7,4.1,0.067,0.011,2014,2025
150303,as,7,5,0.0,0.0,0.007,0.0005,2014,2023
150303,cd,9,7,0.0,0.0,0.001,0.0002,2014,2025
150303,hg,9,7,0.0,0.0,0.0001,0.0001,2014,2025
150303,pb,9,7,11.1,0.0,0.0119,0.0008,2014,2025
150304,as,2,2,100.0,0.0,0.0118,0.01175,2015,2015
150304,cd,2,2,0.0,0.0,0.0002,0.0002,2015,2015
150304,hg,2,2,0.0,0.0,0.0001,,2015,2015
150304,pb,2,2,0.0,0.0,0.0029,0.0024999999999999996,2015,2015
150305,as,1,1,100.0,0.0,0.0117,0.0117,2015,2015
150305,cd,1,1,0.0,0.0,0.0002,,2015,2015
150305,hg,1,1,0.0,0.0,0.0001,,2015,2015
150305,pb,1,1,0.0,0.0,0.0021,0.0021,2015,2015
150401,as,9,9,11.1,0.0,0.0237,0.005535,2018,2024
150401,cd,9,9,0.0,0.0,0.00094,0.00042500000000000003,2018,2024
150401,hg,9,9,0.0,0.0,0.0001,0.0001,2018,2024
150401,pb,9,9,11.1,0.0,0.0112,0.0058,2018,2024
150404,as,14,11,0.0,0.0,0.0051,0.00468,2018,2022
150404,cd,14,11,0.0,0.0,0.0002,,2018,2022
150404,hg,14,11,0.0,0.0,0.0001,,2018,2022
150404,pb,15,11,20.0,13.3,0.2478,0.00355,2018,2022
150407,as,4,4,0.0,0.0,0.0056,0.004,2024,2024
150407,cd,4,4,0.0,0.0,0.0002,,2024,2024
150407,hg,4,4,0.0,0.0,0.0001,,2024,2024
150407,pb,4,4,0.0,0.0,0.0019,0.0019,2024,2024
150501,as,1,1,0.0,0.0,0.007,,2017,2017
150501,cd,1,1,0.0,0.0,0.001,,2017,2017
150501,hg,1,1,0.0,0.0,0.0001,,2017,2017
150501,pb,1,1,0.0,0.0,0.001,,2017,2017
150510,as,1,1,100.0,0.0,0.0163,0.0163,2015,2015
150510,cd,1,1,0.0,0.0,0.0002,,2015,2015
150510,hg,1,1,0.0,0.0,0.0001,,2015,2015
150510,pb,1,1,0.0,0.0,0.0008,0.0008,2015,2015
150602,as,28,15,71.4,0.0,0.0694,0.0276,2015,2023
150602,cd,28,15,3.6,3.6,0.0194,0.00088,2015,2023
150602,hg,28,15,0.0,0.0,0.0001,4.9999999999999996e-05,2015,2023
150602,pb,28,15,14.3,0.0,0.028,0.0059,2015,2023
150605,as,14,6,0.0,0.0,0.007,0.00326,2015,2022
150605,cd,14,6,0.0,0.0,0.001,,2015,2022
150605,hg,14,6,0.0,0.0,0.0001,3e-05,2015,2022
150605,pb,14,6,0.0,0.0,0.008,0.0024,2015,2022
150606,as,2,2,0.0,0.0,0.007,,2016,2016
150606,cd,2,2,0.0,0.0,0.001,,2016,2016
150606,hg,2,2,0.0,0.0,0.0001,,2016,2016
150606,pb,2,2,0.0,0.0,0.001,,2016,2016
150608,as,7,7,0.0,0.0,0.007,0.005,2013,2016
150608,cd,7,7,42.9,28.6,0.454,0.012150000000000001,2013,2016
150608,hg,7,7,14.3,14.3,0.0064,0.0035,2013,2016
150608,pb,7,7,28.6,14.3,0.79,0.010499999999999999,2013,2016
150610,as,89,44,24.7,3.4,0.1974,0.007575,2014,2023
150610,cd,91,44,8.8,2.2,0.0394,0.001965,2014,2025
150610,hg,91,44,0.0,0.0,0.0001,3e-05,2014,2025
150610,pb,91,44,30.8,8.8,0.3608,0.00845,2014,2025
150702,as,9,7,0.0,0.0,0.007,0.00602,2015,2021
150702,cd,9,7,0.0,0.0,0.001,,2015,2021
150702,hg,9,7,0.0,0.0,0.0001,,2015,2021
150702,pb,9,7,0.0,0.0,0.001,,2015,2021
150704,as,25,19,48.0,0.0,0.06555,0.01052,2018,2024
150704,cd,40,24,40.0,5.0,0.0156,0.004999999999999999,2018,2026
150704,hg,40,24,0.0,0.0,0.0001,,2018,2026
150704,pb,40,24,42.5,12.5,0.34322,0.01418,2018,2026
150705,as,249,123,32.5,1.6,0.344,0.01,2014,2025
150705,cd,255,123,11.0,4.7,1.0,0.001075,2014,2026
150705,hg,236,104,0.0,0.0,0.00097,0.0001,2014,2026
150705,pb,254,120,39.4,9.4,8.325,0.0117,2014,2026
150708,as,8,8,25.0,25.0,0.1874,0.1786,2022,2022
150708,cd,18,12,22.2,0.0,0.01,0.0018,2022,2025
150708,hg,18,12,0.0,0.0,0.0001,,2022,2025
150708,pb,18,12,16.7,5.6,0.1287,0.0035,2022,2025
150713,as,1,1,100.0,0.0,0.027,0.027,2016,2016
150713,cd,1,1,100.0,0.0,0.007,0.007,2016,2016
150713,hg,1,1,0.0,0.0,0.0001,0.0001,2016,2016
150713,pb,1,1,0.0,0.0,0.01,0.01,2016,2016
150716,as,2,2,50.0,0.0,0.0125,0.01025,2024,2024
150716,cd,2,2,0.0,0.0,0.0002,,2024,2024
150716,hg,2,2,0.0,0.0,0.0001,,2024,2024
150716,pb,2,2,0.0,0.0,0.001,,2024,2024
150718,as,4,2,50.0,0.0,0.041,0.032,2015,2016
150718,cd,4,2,25.0,0.0,0.004,0.004,2015,2016
150718,hg,4,2,0.0,0.0,0.001,0.001,2015,2016
150718,pb,4,2,0.0,0.0,0.002,,2015,2016
150721,as,14,12,21.4,0.0,0.045,0.04,2015,2016
150721,cd,14,12,7.1,7.1,1.0,,2015,2016
150721,hg,13,11,0.0,0.0,0.0001,,2015,2016
150721,pb,14,12,0.0,0.0,0.001,,2015,2016
150722,as,154,59,70.1,11.7,1.3298,0.0256,2015,2025
150722,cd,168,63,60.1,11.9,0.30301,0.00539,2015,2026
150722,hg,156,51,0.0,0.0,0.001,0.0001,2015,2026
150722,pb,168,63,60.1,18.5,11.4422,0.0205,2015,2026
150723,as,6,6,0.0,0.0,0.0018,0.00139,2018,2018
150723,cd,6,6,50.0,33.3,0.05181,0.00516,2018,2018
150723,hg,4,4,0.0,0.0,3e-05,,2018,2018
150723,pb,6,6,33.3,16.7,0.0815,0.012,2018,2018
150727,as,4,4,25.0,0.0,0.0343,0.0343,2015,2015
150727,cd,4,4,0.0,0.0,0.0024,0.0024,2015,2015
150727,pb,4,4,0.0,0.0,0.004,,2015,2015
150804,as,23,5,0.0,0.0,0.008,,2015,2024
150804,cd,36,6,8.3,2.8,0.216,0.00263,2015,2025
150804,hg,31,6,0.0,0.0,0.0001,,2015,2025
150804,pb,37,6,16.2,13.5,135.0,0.11175,2015,2025
150807,as,7,5,0.0,0.0,0.007,0.001775,2015,2018
150807,cd,8,5,0.0,0.0,0.001,,2015,2018
150807,hg,7,5,0.0,0.0,0.0001,,2015,2018
150807,pb,8,5,0.0,0.0,0.0011,0.0011,2015,2018
150901,as,162,105,25.3,1.2,0.27062,0.010794999999999999,2013,2024
150901,cd,164,104,6.1,1.8,10.06666,0.0010249999999999999,2013,2025
150901,hg,160,100,0.0,0.0,0.001,0.0001,2014,2025
150901,pb,165,105,16.4,6.1,50.001,0.00469,2013,2025
150902,cd,5,2,0.0,0.0,0.00039,0.00039,2025,2025
150902,hg,4,2,0.0,0.0,0.0001,,2025,2025
150902,pb,5,2,40.0,0.0,0.0134,0.0102,2025,2025
150903,as,6,5,33.3,0.0,0.023,0.0225,2015,2016
150903,cd,6,5,33.3,0.0,0.005,0.0035,2015,2016
150903,hg,6,5,0.0,0.0,0.0001,,2015,2016
150903,pb,6,5,0.0,0.0,0.009,0.009,2015,2016
150905,as,5,4,80.0,0.0,0.024,0.019,2015,2015
150905,cd,5,4,0.0,0.0,0.002,0.002,2015,2015
150905,hg,5,4,0.0,0.0,0.0001,,2015,2015
150905,pb,5,4,0.0,0.0,0.002,,2015,2015
150906,as,19,3,0.0,0.0,0.007,,2015,2024
150906,cd,30,4,3.3,3.3,0.026,0.00025,2015,2025
150906,hg,27,4,0.0,0.0,0.0001,,2015,2025
150906,pb,35,4,17.1,0.0,0.014,0.0117,2015,2025
151002,as,24,12,25.0,0.0,0.0718,0.0132,2013,2024
151002,cd,25,12,12.0,4.0,0.04,0.00166,2013,2025
151002,hg,24,12,0.0,0.0,0.0003,0.00025,2013,2025
151002,pb,25,12,28.0,12.0,0.6192,0.011,2013,2025
151007,as,9,5,11.1,0.0,0.08,0.00106,2015,2018
151007,cd,9,5,0.0,0.0,0.001,,2015,2018
151007,hg,9,5,0.0,0.0,0.0001,,2015,2018
151007,pb,9,5,0.0,0.0,0.007,0.0018,2015,2018
151016,as,63,34,76.2,27.0,1.246,0.052795,2015,2024
151016,cd,63,34,60.3,31.7,0.20644,0.00997,2015,2024
151016,hg,63,34,12.7,12.7,0.0151,0.0021,2015,2024
151016,pb,63,34,7.9,1.6,0.09,0.0058,2015,2024
151018,as,19,7,31.6,0.0,0.078,0.009545000000000001,2013,2024
151018,cd,22,7,0.0,0.0,0.00202,0.0011250000000000001,2013,2025
151018,hg,21,7,0.0,0.0,0.0001,,2016,2025
151018,pb,22,7,27.3,4.5,0.318,0.0182,2013,2025
151021,as,2,2,50.0,50.0,266.0,133.001385,2020,2020
151021,cd,2,2,0.0,0.0,3e-05,2.5e-05,2020,2020
151021,hg,2,2,0.0,0.0,7e-05,,2020,2020
151021,pb,2,2,0.0,0.0,0.00026,0.000235,2020,2020
151028,as,3,3,0.0,0.0,0.003,0.0026,2024,2024
151028,cd,3,3,0.0,0.0,0.0002,,2024,2024
151028,hg,3,3,0.0,0.0,0.0001,,2024,2024
151028,pb,3,3,0.0,0.0,0.0019,0.0018,2024,2024
151029,as,2,2,50.0,0.0,0.0158,0.008900000000000002,2015,2015
151029,cd,2,2,0.0,0.0,0.0002,,2015,2015
151029,hg,2,2,0.0,0.0,0.0001,,2015,2015
151029,pb,2,2,0.0,0.0,0.001,0.00095,2015,2015
151030,as,7,5,100.0,28.6,0.131,0.068,2013,2020
151030,cd,7,5,0.0,0.0,0.001,0.00021,2013,2020
151030,hg,7,5,0.0,0.0,0.0001,,2013,2020
151030,pb,7,5,28.6,14.3,0.1135,0.070325,2013,2020
160101,cd,2,2,0.0,0.0,0.0002,,2026,2026
160101,hg,2,2,0.0,0.0,8.5e-05,,2026,2026
160101,pb,2,2,0.0,0.0,0.0005,,2026,2026
160105,cd,14,14,0.0,0.0,0.0002,,2026,2026
160105,hg,14,14,0.0,0.0,8.5e-05,8.5e-05,2026,2026
160105,pb,14,14,14.3,7.1,0.0826,0.00375,2026,2026
160107,as,7,7,0.0,0.0,0.007,0.00061,2015,2019
160107,cd,7,7,0.0,0.0,0.0024,,2015,2019
160107,hg,7,7,0.0,0.0,0.001,0.00014000000000000001,2015,2019
160107,pb,7,7,0.0,0.0,0.004,0.0014,2015,2019
160108,as,36,32,0.0,0.0,0.00867,0.0027,2015,2024
160108,cd,43,39,0.0,0.0,0.003,0.0011250000000000001,2015,2025
160108,hg,43,39,0.0,0.0,0.00085,0.00035499999999999996,2015,2025
160108,pb,43,39,7.0,0.0,0.042,0.0033,2015,2025
160112,cd,1,1,0.0,0.0,0.0002,,2026,2026
160112,hg,1,1,0.0,0.0,8.5e-05,,2026,2026
160112,pb,1,1,0.0,0.0,0.0005,,2026,2026
160113,as,7,7,0.0,0.0,0.00268,0.00094,2019,2021
160113,cd,7,7,0.0,0.0,0.00013,0.00013,2019,2021
160113,hg,7,7,0.0,0.0,0.000376,0.000376,2019,2021
160113,pb,7,7,0.0,0.0,0.00723,0.0015149999999999999,2019,2021
160201,as,12,12,0.0,0.0,0.007,0.0021349999999999997,2015,2021
160201,cd,12,12,0.0,0.0,0.003,0.001,2015,2021
160201,hg,12,12,0.0,0.0,0.0002,0.0002,2015,2021
160201,pb,12,12,16.7,0.0,0.039,0.0073,2015,2021
160206,as,103,82,1.9,0.0,0.0487,0.001865,2016,2023
160206,cd,103,82,1.0,0.0,0.01,9e-05,2016,2023
160206,hg,103,82,9.7,9.7,0.06169,0.004235,2016,2023
160206,pb,103,82,2.9,1.0,0.083,0.0012499999999999998,2016,2023
160301,as,1,1,0.0,0.0,0.001,,2022,2022
160301,cd,1,1,0.0,0.0,0.0002,,2022,2022
160301,hg,1,1,0.0,0.0,0.0001,,2022,2022
160301,pb,1,1,0.0,0.0,0.001,,2022,2022
160302,as,26,24,3.8,0.0,0.0137,0.0083,2018,2024
160302,cd,26,24,0.0,0.0,0.0002,,2018,2024
160302,hg,25,23,0.0,0.0,0.0001,,2018,2024
160302,pb,26,24,3.8,0.0,0.0116,0.0006,2018,2024
160303,as,190,183,0.5,0.0,0.018,0.00096,2014,2025
160303,cd,206,196,0.0,0.0,0.002,7e-05,2014,2025
160303,hg,209,199,0.5,0.5,0.001283,0.000753,2014,2025
160303,pb,209,199,2.4,0.5,0.0903,0.0008,2014,2025
160304,as,400,372,2.5,1.2,7.0,0.000835,2013,2025
160304,cd,402,374,1.7,1.2,1.0,7.999999999999999e-05,2013,2025
160304,hg,402,374,1.7,1.7,1.0,0.000145,2013,2025
160304,pb,402,374,3.0,1.5,1.0,0.00094,2013,2025
160305,as,618,512,1.8,1.3,80.0,0.00141,2015,2025
160305,cd,610,504,0.5,0.3,21.027,0.000645,2015,2026
160305,hg,605,501,0.7,0.7,0.05,0.0001,2015,2026
160305,pb,630,524,2.4,0.5,0.263,0.001,2015,2026
160501,as,4,4,25.0,0.0,0.0102,0.0062900000000000005,2019,2024
160501,cd,4,4,0.0,0.0,0.0002,,2019,2024
160501,hg,4,4,0.0,0.0,0.00021,0.00016,2019,2024
160501,pb,4,4,25.0,0.0,0.0152,0.007445,2019,2024
160506,as,55,45,30.9,0.0,0.0203,0.009434999999999999,2015,2024
160506,cd,57,45,0.0,0.0,0.001,9e-05,2015,2025
160506,hg,57,45,1.8,1.8,0.0468,0.0001,2015,2025
160506,pb,57,45,40.4,0.0,0.027,0.0109,2015,2025
160601,as,45,44,8.9,0.0,0.0134,0.00494,2015,2019
160601,cd,45,44,0.0,0.0,0.0024,0.000455,2015,2019
160601,hg,41,40,4.9,4.9,0.00138,0.00021500000000000002,2015,2019
160601,pb,45,44,24.4,0.0,0.016,0.0098,2015,2019
160701,as,117,84,0.0,0.0,0.008,0.00358,2016,2024
160701,cd,117,84,0.0,0.0,0.002,0.0002,2016,2024
160701,hg,117,84,0.0,0.0,0.001,0.0001,2016,2024
160701,pb,117,84,0.9,0.0,0.014,0.00482,2016,2024
160703,as,149,140,1.3,0.0,0.01334,0.00135,2015,2025
160703,cd,151,142,1.3,0.7,20.94,0.00018,2015,2025
160703,hg,151,142,0.0,0.0,0.0001,,2015,2025
160703,pb,151,142,4.6,2.0,1.973,0.0013,2015,2025
160704,as,267,234,1.1,0.4,0.11125,0.0006850000000000001,2016,2024
160704,cd,267,234,0.7,0.4,1.0,6e-05,2016,2024
160704,hg,263,234,0.0,0.0,0.0007,0.000115,2016,2024
160704,pb,267,234,3.7,0.4,0.1777,0.001245,2016,2024
160705,as,24,24,0.0,0.0,0.0031,0.0016450000000000002,2018,2024
160705,cd,24,24,0.0,0.0,0.0002,,2018,2024
160705,hg,24,24,0.0,0.0,0.001,,2018,2024
160705,pb,24,24,0.0,0.0,0.0059,0.00213,2018,2024
160706,as,191,187,0.0,0.0,0.00958,0.00122,2013,2025
160706,cd,195,191,1.5,0.5,0.0107,7e-05,2013,2025
160706,hg,193,189,1.6,1.6,1.276,0.0003,2013,2025
160706,pb,194,190,3.1,2.1,0.78656,0.0012,2013,2025
170101,as,22,11,13.6,9.1,0.3149,0.3149,2015,2024
170101,cd,22,11,9.1,9.1,0.01996,0.019,2015,2024
170101,hg,22,11,0.0,0.0,0.0001,,2015,2024
170101,pb,22,11,22.7,9.1,1.7835,0.0225,2015,2024
170102,as,2,2,0.0,0.0,0.001,,2023,2023
170102,cd,2,2,0.0,0.0,0.0002,,2023,2023
170102,hg,2,2,0.0,0.0,0.0001,,2023,2023
170102,pb,2,2,0.0,0.0,0.001,,2023,2023
170103,as,1,1,100.0,0.0,0.0769,0.0769,2024,2024
170103,cd,1,1,100.0,0.0,0.00687,0.00687,2024,2024
170103,hg,1,1,0.0,0.0,0.0001,,2024,2024
170103,pb,1,1,0.0,0.0,0.001,,2024,2024
170104,as,6,3,0.0,0.0,0.008,,2015,2015
170104,cd,6,3,0.0,0.0,0.001,,2015,2015
170104,hg,6,3,0.0,0.0,0.0001,,2015,2015
170104,pb,6,3,0.0,0.0,0.001,,2015,2015
180101,as,8,7,62.5,37.5,1.1607,0.07756,2019,2025
180101,cd,8,7,0.0,0.0,0.0002,4.5e-05,2019,2025
180101,hg,8,7,0.0,0.0,0.0001,,2019,2025
180101,pb,8,7,0.0,0.0,0.00206,0.00044,2019,2025
180102,as,882,266,69.8,55.0,171.6,0.35765,2013,2025
180102,cd,1053,274,79.6,75.7,8223.0,0.0746,2013,2026
180102,hg,1043,273,3.1,3.1,4.609,0.000506,2013,2026
180102,pb,1050,274,28.9,9.7,10.0,0.0081,2013,2026
180103,as,3,2,66.7,33.3,1.3105,0.0417,2023,2023
180103,cd,3,2,0.0,0.0,0.0002,,2023,2023
180103,hg,3,2,0.0,0.0,0.0001,,2023,2023
180103,pb,3,2,0.0,0.0,0.001,,2023,2023
180104,as,14,9,14.3,0.0,0.01278,0.006,2020,2024
180104,cd,17,9,0.0,0.0,0.0002,,2020,2025
180104,hg,17,9,0.0,0.0,0.0001,0.0001,2020,2025
180104,pb,17,9,0.0,0.0,0.001,0.00018,2020,2025
180105,as,13,7,69.2,30.8,0.683,0.0887,2016,2024
180105,cd,17,8,23.5,5.9,0.016,0.005095000000000001,2016,2026
180105,hg,17,8,0.0,0.0,0.0001,0.0001,2016,2026
180105,pb,17,8,11.8,0.0,0.019,0.00655,2016,2026
180106,as,256,102,3.1,0.4,0.2198,0.003045,2013,2025
180106,cd,269,110,0.4,0.0,0.0044,0.000125,2013,2026
180106,hg,271,110,0.0,0.0,0.001,0.00011,2013,2026
180106,pb,271,110,3.0,0.7,10.0,0.000985,2013,2026
180202,as,21,11,85.7,33.3,11.6998,0.0668,2019,2025
180202,cd,28,13,50.0,25.0,0.2194,0.00622,2019,2026
180202,hg,28,13,0.0,0.0,0.00085,,2019,2026
180202,pb,28,13,14.3,7.1,0.1236,0.00335,2019,2026
180203,as,7,6,0.0,0.0,0.007,0.002725,2017,2025
180203,cd,7,6,0.0,0.0,0.001,,2017,2025
180203,hg,7,6,0.0,0.0,0.0001,,2017,2025
180203,pb,7,6,0.0,0.0,0.001,0.001,2017,2025
180204,as,98,35,13.3,2.0,0.116,0.0021,2015,2024
180204,cd,118,47,5.9,4.2,2.0,0.00115,2015,2026
180204,hg,116,46,1.7,1.7,0.009197,0.004091,2015,2026
180204,pb,118,47,6.8,4.2,0.2336,0.00155,2015,2026
180205,as,7,5,57.1,28.6,0.388,0.16549999999999998,2013,2023
180205,cd,7,5,0.0,0.0,0.0025,0.0025,2013,2023
180205,hg,7,5,0.0,0.0,0.0001,,2013,2023
180205,pb,7,5,0.0,0.0,0.005,,2013,2023
180206,as,2,2,0.0,0.0,0.00371,0.00324,2021,2021
180206,cd,2,2,0.0,0.0,1e-05,,2021,2021
180206,hg,2,2,0.0,0.0,7e-05,,2021,2021
180206,pb,2,2,0.0,0.0,0.00011,0.00011,2021,2021
180207,as,27,20,59.3,7.4,0.111,0.036449999999999996,2015,2024
180207,cd,41,24,12.2,0.0,0.0053,0.00271,2015,2025
180207,hg,41,24,0.0,0.0,0.00085,9.25e-05,2015,2025
180207,pb,41,24,7.3,4.9,0.06986,0.0055,2015,2025
180208,as,3,2,100.0,0.0,0.031,0.02,2013,2015
180208,cd,3,2,0.0,0.0,0.0023,0.0023,2013,2015
180208,hg,3,2,0.0,0.0,0.0001,,2013,2015
180208,pb,3,2,0.0,0.0,0.005,,2013,2015
180209,as,7,3,85.7,71.4,0.5219,0.22349999999999998,2022,2023
180209,cd,8,4,12.5,0.0,0.0036,0.0036,2022,2025
180209,hg,8,4,0.0,0.0,0.0001,,2022,2025
180209,pb,8,4,0.0,0.0,0.001,,2022,2025
180301,cd,1,1,0.0,0.0,0.00084,0.00084,2025,2025
180301,hg,1,1,0.0,0.0,0.0001,,2025,2025
180301,pb,1,1,100.0,100.0,0.0614,0.0614,2025,2025
190101,as,12,9,91.7,75.0,50000.0,66.9,2015,2019
190101,cd,13,9,76.9,76.9,2.5925,1.751,2015,2019
190101,hg,13,9,0.0,0.0,0.0008,0.00073,2015,2019
190101,pb,13,9,84.6,84.6,7.691,1.331,2015,2019
190102,cd,1,1,0.0,0.0,0.0002,,2025,2025
190102,hg,1,1,0.0,0.0,0.0001,,2025,2025
190102,pb,1,1,0.0,0.0,0.00127,0.00127,2025,2025
190104,as,226,95,50.4,2.7,0.3661,0.02057,2013,2025
190104,cd,243,105,3.7,0.8,276.0,0.0013,2013,2026
190104,hg,242,104,0.4,0.4,1.035,0.0001,2013,2026
190104,pb,243,105,30.5,10.7,110.0,0.0097,2013,2026
190105,as,2,2,100.0,0.0,0.0197,0.0167,2015,2015
190105,cd,2,2,0.0,0.0,0.001,0.0007999999999999999,2015,2015
190105,hg,2,2,0.0,0.0,0.0001,,2015,2015
190105,pb,2,2,100.0,0.0,0.0271,0.0192,2015,2015
190106,as,26,14,7.7,0.0,0.01199,0.00412,2013,2023
190106,cd,28,14,10.7,0.0,0.0066,0.0024349999999999997,2013,2026
190106,hg,28,14,0.0,0.0,0.001,0.0002,2013,2026
190106,pb,28,14,14.3,0.0,0.029,0.0055,2013,2026
190107,as,2,2,0.0,0.0,0.0014,0.00135,2024,2024
190107,cd,5,5,0.0,0.0,0.0002,,2024,2025
190107,hg,5,5,0.0,0.0,0.0001,,2024,2025
190107,pb,5,5,0.0,0.0,0.0012,0.0012,2024,2025
190108,as,84,44,46.4,2.4,0.157,0.0217,2015,2024
190108,cd,88,44,6.8,2.3,0.022,0.00099,2015,2025
190108,hg,88,44,0.0,0.0,0.001,0.00015,2015,2025
190108,pb,88,44,34.1,12.5,0.23545,0.012,2015,2025
190109,as,596,198,39.3,3.4,55.0,0.01865,2013,2025
190109,cd,688,220,27.3,7.7,1.168,0.00343,2013,2026
190109,hg,679,214,1.5,1.5,0.0262,0.0003,2013,2026
190109,pb,687,220,48.6,19.7,3578.0,0.022,2013,2026
190110,as,12,10,41.7,0.0,0.0204,0.00404,2019,2024
190110,cd,12,10,0.0,0.0,0.0015,0.00067,2019,2024
190110,hg,12,10,0.0,0.0,0.00013,0.000105,2019,2024
190110,pb,12,10,58.3,33.3,0.1967,0.01554,2019,2024
190111,as,150,73,24.0,4.0,10.0,0.008,2015,2025
190111,cd,180,74,2.2,1.1,0.014,0.0009350000000000001,2015,2026
190111,hg,178,72,0.0,0.0,0.001,0.00021,2015,2026
190111,pb,180,74,24.4,4.4,0.653,0.008,2015,2026
190112,as,48,33,31.2,0.0,0.05671,0.009,2015,2025
190112,cd,53,33,7.5,1.9,0.01014,0.0012699999999999999,2015,2026
190112,hg,53,33,0.0,0.0,0.00085,0.0002,2015,2026
190112,pb,53,33,50.9,1.9,0.07376,0.014765,2015,2026
190113,as,186,69,40.3,5.4,26.0,0.014884999999999999,2013,2025
190113,cd,197,72,5.6,3.6,20.0,0.00099,2013,2025
190113,hg,198,72,2.0,2.0,100.0,0.000262,2013,2025
190113,pb,198,72,51.5,16.2,73.0,0.0162,2013,2025
190201,as,47,28,0.0,0.0,0.007,0.00146,2014,2024
190201,cd,47,28,0.0,0.0,0.001,,2014,2024
190201,hg,47,28,2.1,2.1,0.0687,0.0344,2014,2024
190201,pb,47,28,0.0,0.0,0.002,0.0007,2014,2024
190202,as,14,10,0.0,0.0,0.00781,0.00312,2015,2022
190202,cd,14,10,0.0,0.0,0.002,0.002,2015,2022
190202,hg,14,10,0.0,0.0,0.0001,,2015,2022
190202,pb,14,10,0.0,0.0,0.001,0.000675,2015,2022
190205,as,20,15,0.0,0.0,0.007,,2015,2016
190205,cd,20,15,0.0,0.0,0.001,,2015,2016
190205,hg,20,15,0.0,0.0,0.0001,,2015,2016
190205,pb,20,15,0.0,0.0,0.001,0.001,2015,2016
190206,as,27,11,11.1,3.7,0.124,0.00426,2013,2023
190206,cd,30,13,10.0,3.3,0.0116,0.007,2013,2026
190206,hg,29,13,0.0,0.0,0.001,0.000125,2013,2026
190206,pb,30,13,23.3,3.3,0.06,0.0086,2013,2026
190208,as,15,6,0.0,0.0,0.007,,2015,2022
190208,cd,15,6,0.0,0.0,0.001,,2015,2022
190208,hg,15,6,0.0,0.0,0.0001,,2015,2022
190208,pb,15,6,0.0,0.0,0.001,,2015,2022
190303,as,5,5,0.0,0.0,0.001,0.00058,2021,2022
190303,cd,5,5,0.0,0.0,0.0002,,2021,2022
190303,hg,5,5,0.0,0.0,0.0001,0.0001,2021,2022
190303,pb,5,5,0.0,0.0,0.00136,0.00119,2021,2022
200202,as,4,4,0.0,0.0,0.00144,0.001365,2021,2021
200202,cd,4,4,25.0,25.0,0.401,,2021,2021
200202,hg,4,4,0.0,0.0,7e-05,,2021,2021
200202,pb,4,4,0.0,0.0,0.00025,0.000165,2021,2021
200304,as,10,10,20.0,0.0,0.01387,0.0053,2015,2024
200304,cd,10,10,0.0,0.0,0.001,,2015,2024
200304,hg,10,10,0.0,0.0,0.0001,,2015,2024
200304,pb,10,10,20.0,0.0,0.0146,0.0091,2015,2024
200501,as,7,7,0.0,0.0,0.008,,2015,2016
200501,cd,7,7,0.0,0.0,0.001,,2015,2016
200501,hg,6,6,0.0,0.0,0.0001,,2015,2016
200501,pb,7,7,0.0,0.0,0.001,0.001,2015,2016
200503,as,1,1,0.0,0.0,0.0006,,2015,2015
200503,cd,1,1,0.0,0.0,0.0024,,2015,2015
200503,hg,1,1,0.0,0.0,8e-05,,2015,2015
200503,pb,1,1,0.0,0.0,0.004,,2015,2015
200504,as,48,36,37.5,2.1,0.1649,0.011945,2015,2024
200504,cd,48,36,0.0,0.0,0.0024,0.00027,2015,2024
200504,hg,46,34,4.3,4.3,70.0,0.000467,2015,2024
200504,pb,48,36,2.1,0.0,0.02413,0.0024,2015,2024
200507,as,5,5,20.0,0.0,0.0118,0.007984999999999999,2015,2024
200507,cd,5,5,0.0,0.0,0.0024,,2015,2024
200507,hg,5,5,0.0,0.0,0.0001,,2015,2024
200507,pb,5,5,0.0,0.0,0.004,0.0028,2015,2024
200801,as,26,17,11.5,0.0,0.0149,0.00862,2013,2023
200801,cd,26,17,0.0,0.0,0.0016,0.00038,2013,2023
200801,hg,25,16,4.0,4.0,2.3291,2.3291,2013,2023
200801,pb,26,17,0.0,0.0,0.0086,0.001655,2013,2023
210101,as,21,21,57.1,0.0,0.013,0.0115,2015,2015
210101,cd,21,21,0.0,0.0,0.001,,2015,2015
210101,hg,21,21,0.0,0.0,0.0001,,2015,2015
210101,pb,21,21,0.0,0.0,0.001,,2015,2015
210102,as,10,5,10.0,0.0,0.066,0.002285,2013,2024
210102,cd,10,5,20.0,20.0,0.032,0.00127,2013,2024
210102,hg,10,5,10.0,10.0,6.681,3.34055,2013,2024
210102,pb,10,5,10.0,0.0,0.041,0.02135,2013,2024
210109,as,3,3,66.7,0.0,0.027,0.013,2023,2023
210109,cd,3,3,0.0,0.0,0.0004,0.0004,2023,2023
210109,hg,3,3,0.0,0.0,8.5e-05,,2023,2023
210109,pb,3,3,0.0,0.0,0.0008,0.00075,2023,2023
210111,as,17,10,0.0,0.0,0.007,0.004225,2016,2025
210111,cd,17,10,0.0,0.0,0.0015,0.00042,2016,2025
210111,hg,17,10,0.0,0.0,0.0001,,2016,2025
210111,pb,17,10,29.4,17.6,0.057,0.034,2016,2025
210113,as,57,29,10.5,0.0,0.03686,0.002,2020,2025
210113,cd,59,31,57.6,45.8,0.1908,0.014185,2020,2025
210113,hg,59,31,10.2,10.2,3.64381,2.42846,2020,2025
210113,pb,59,31,39.0,22.0,0.3054,0.01169,2020,2025
210201,as,3,3,0.0,0.0,0.007,,2015,2015
210201,cd,3,3,0.0,0.0,0.001,,2015,2015
210201,hg,3,3,0.0,0.0,0.001,,2015,2015
210201,pb,3,3,0.0,0.0,0.0001,,2015,2015
210202,as,4,4,50.0,0.0,0.038,0.032,2015,2015
210202,cd,4,4,0.0,0.0,0.001,,2015,2015
210202,hg,4,4,0.0,0.0,0.001,,2015,2015
210202,pb,4,4,0.0,0.0,0.0001,,2015,2015
210204,as,1,1,0.0,0.0,0.009,0.009,2015,2015
210204,cd,1,1,0.0,0.0,0.001,,2015,2015
210204,hg,1,1,0.0,0.0,0.001,,2015,2015
210204,pb,1,1,0.0,0.0,0.0001,,2015,2015
210207,as,1,1,100.0,0.0,0.034,0.034,2015,2015
210207,cd,1,1,0.0,0.0,0.001,,2015,2015
210207,hg,1,1,100.0,100.0,0.007,0.007,2015,2015
210207,pb,1,1,0.0,0.0,0.0001,,2015,2015
210208,as,2,2,0.0,0.0,0.001,,2023,2023
210208,cd,2,2,0.0,0.0,0.0002,,2023,2023
210208,hg,2,2,0.0,0.0,0.0001,,2023,2023
210208,pb,2,2,50.0,50.0,0.055,0.055,2023,2023
210209,as,11,11,18.2,0.0,0.076,0.05,2015,2016
210209,cd,11,11,0.0,0.0,0.001,,2015,2016
210209,hg,11,11,9.1,9.1,0.003,0.003,2015,2016
210209,pb,11,11,9.1,0.0,0.012,0.012,2015,2016
210211,as,10,7,0.0,0.0,0.01,0.0075,2015,2023
210211,cd,10,7,0.0,0.0,0.001,,2015,2023
210211,hg,10,7,0.0,0.0,0.001,,2015,2023
210211,pb,10,7,0.0,0.0,0.001,,2015,2023
210212,as,7,5,0.0,0.0,0.009,0.0055,2015,2023
210212,cd,7,5,0.0,0.0,0.001,0.001,2015,2023
210212,hg,7,5,0.0,0.0,0.001,,2015,2023
210212,pb,7,5,0.0,0.0,0.001,0.001,2015,2023
210214,as,1,1,0.0,0.0,0.007,,2015,2015
210214,cd,1,1,0.0,0.0,0.001,,2015,2015
210214,hg,1,1,0.0,0.0,0.001,,2015,2015
210214,pb,1,1,0.0,0.0,0.0001,,2015,2015
210302,as,41,25,9.8,4.9,0.74627,0.00209,2015,2024
210302,cd,54,30,55.6,31.5,0.62299,0.00486,2015,2025
210302,hg,54,30,0.0,0.0,0.0001,,2015,2025
210302,pb,54,30,44.4,25.9,0.8,0.01525,2015,2025
210305,as,44,26,34.1,2.3,0.10881,0.0108,2015,2025
210305,cd,46,26,17.4,8.7,0.0655,0.004985,2015,2025
210305,hg,46,26,0.0,0.0,0.001,0.0001,2015,2025
210305,pb,46,26,32.6,19.6,147.0,0.0137,2015,2025
210306,as,3,3,100.0,66.7,0.454,0.282,2015,2015
210306,cd,3,3,0.0,0.0,0.001,,2015,2015
210306,hg,3,3,100.0,100.0,0.068,0.066,2015,2015
210306,pb,3,3,0.0,0.0,0.0002,0.0002,2015,2015
210308,as,28,16,60.7,0.0,0.041,0.015955,2015,2024
210308,cd,34,17,0.0,0.0,0.001,0.00025,2015,2025
210308,hg,32,17,0.0,0.0,0.000696,0.000696,2015,2025
210308,pb,34,17,5.9,2.9,1.8,0.0064,2015,2025
210309,as,6,4,0.0,0.0,0.00575,0.00355,2021,2022
210309,cd,6,4,0.0,0.0,0.002,,2021,2022
210309,hg,6,4,0.0,0.0,0.0001,,2021,2022
210309,pb,6,4,0.0,0.0,0.001,0.00013,2021,2022
210403,as,5,5,0.0,0.0,0.007,,2016,2017
210403,cd,5,5,0.0,0.0,0.001,,2016,2017
210403,hg,5,5,0.0,0.0,0.0001,,2016,2017
210403,pb,5,5,0.0,0.0,0.001,,2016,2017
210501,as,2,2,100.0,0.0,0.026,0.020499999999999997,2023,2023
210501,cd,2,2,0.0,0.0,0.0002,,2023,2023
210501,hg,2,2,0.0,0.0,0.0001,,2023,2023
210501,pb,2,2,0.0,0.0,0.001,,2023,2023
210601,as,3,3,0.0,0.0,0.007,,2015,2015
210601,cd,3,3,0.0,0.0,0.001,,2015,2015
210601,hg,3,3,0.0,0.0,0.001,,2015,2015
210601,pb,3,3,0.0,0.0,0.0001,,2015,2015
210603,as,1,1,0.0,0.0,0.007,,2015,2015
210603,cd,1,1,0.0,0.0,0.001,,2015,2015
210603,hg,1,1,0.0,0.0,0.001,,2015,2015
210603,pb,1,1,0.0,0.0,0.0001,,2015,2015
210607,as,1,1,100.0,0.0,0.013,0.013,2015,2015
210607,cd,1,1,0.0,0.0,0.001,,2015,2015
210607,hg,1,1,0.0,0.0,0.001,,2015,2015
210607,pb,1,1,0.0,0.0,0.0001,,2015,2015
210704,as,1,1,100.0,0.0,0.028,0.028,2015,2015
210704,cd,1,1,0.0,0.0,0.001,,2015,2015
210704,hg,1,1,0.0,0.0,0.001,,2015,2015
210704,pb,1,1,0.0,0.0,0.0001,,2015,2015
210705,as,555,212,54.8,17.5,4.71766,0.03564,2013,2025
210705,cd,605,218,34.2,21.3,900.0,0.00422,2013,2026
210705,hg,581,206,0.5,0.5,85.0,0.00013,2013,2026
210705,pb,606,218,4.5,1.0,0.1621,0.0022,2013,2026
210706,as,42,22,19.0,9.5,0.2729,0.0044,2017,2024
210706,cd,42,22,33.3,19.0,0.184,0.00545,2017,2024
210706,hg,42,22,0.0,0.0,0.0001,6.500000000000001e-05,2017,2024
210706,pb,42,22,45.2,38.1,1.5708,0.0874,2017,2024
210707,as,130,41,3.8,0.8,0.12016,0.001,2015,2025
210707,cd,137,41,31.4,18.2,1.75485,0.006200000000000001,2015,2026
210707,hg,136,41,0.0,0.0,0.0007,0.0001,2015,2026
210707,pb,137,41,12.4,3.6,0.3399,0.00185,2015,2026
210708,as,3,3,100.0,0.0,0.067,0.044,2015,2015
210708,cd,3,3,0.0,0.0,0.001,,2015,2015
210708,hg,3,3,0.0,0.0,0.001,,2015,2015
210708,pb,3,3,0.0,0.0,0.0001,,2015,2015
210709,as,60,37,35.0,15.0,0.187,0.0235,2014,2023
210709,cd,66,39,21.2,7.6,0.19411,0.0024,2014,2025
210709,hg,66,38,1.5,1.5,1.0,0.0001,2014,2025
210709,pb,67,39,19.4,3.0,0.181,0.0082,2014,2025
210801,as,3,3,66.7,0.0,0.034,0.011,2015,2024
210801,cd,3,3,0.0,0.0,0.001,,2015,2024
210801,hg,3,3,0.0,0.0,0.001,,2015,2024
210801,pb,3,3,0.0,0.0,0.001,,2015,2024
210802,as,114,51,17.5,1.8,0.3274,0.006500000000000001,2015,2025
210802,cd,124,54,12.1,4.0,0.02589,0.002,2015,2026
210802,hg,124,54,0.0,0.0,0.0001,0.0001,2015,2026
210802,pb,124,54,5.6,0.0,0.03196,0.0051,2015,2026
210803,as,2,2,100.0,0.0,0.02294,0.01697,2015,2024
210803,cd,2,2,0.0,0.0,0.00275,0.00275,2015,2024
210803,hg,2,2,0.0,0.0,0.001,,2015,2024
210803,pb,2,2,0.0,0.0,0.001,,2015,2024
210804,as,25,21,76.0,4.0,0.32462,0.029,2015,2025
210804,cd,25,21,12.0,4.0,0.01129,0.00087,2015,2025
210804,hg,25,21,0.0,0.0,0.001,,2015,2025
210804,pb,25,21,4.0,0.0,0.0337,0.00095,2015,2025
210806,as,30,19,3.3,0.0,0.012,0.00347,2015,2022
210806,cd,30,19,0.0,0.0,0.003,0.00134,2015,2022
210806,hg,27,17,0.0,0.0,0.00019,0.00019,2015,2022
210806,pb,30,19,0.0,0.0,0.0074,0.004,2015,2022
210809,as,12,10,33.3,0.0,0.04004,0.014235000000000001,2015,2025
210809,cd,12,10,8.3,8.3,29.725,0.00061,2015,2025
210809,hg,12,10,0.0,0.0,0.001,,2015,2025
210809,pb,12,10,8.3,8.3,0.0597,0.0597,2015,2025
211001,as,11,11,27.3,18.2,1.552,0.658,2015,2015
211001,cd,11,11,9.1,9.1,0.157,0.079,2015,2015
211001,hg,11,11,18.2,18.2,0.384,0.322,2015,2015
211001,pb,11,11,18.2,18.2,0.85,0.0443,2015,2015
211002,as,3,3,100.0,100.0,2.84,1.92,2015,2015
211002,cd,3,3,100.0,100.0,0.107,0.068,2015,2015
211002,hg,3,3,100.0,100.0,0.888,0.705,2015,2015
211002,pb,3,3,0.0,0.0,0.0003,0.0002,2015,2015
211004,as,18,12,5.6,0.0,0.013,0.013,2013,2016
211004,cd,26,18,23.1,15.4,0.03,0.012,2013,2026
211004,hg,26,18,15.4,15.4,0.0031,0.00125,2013,2026
211004,pb,26,18,38.5,23.1,0.271,0.0184,2013,2026
211103,as,2,2,50.0,0.0,0.022,0.022,2023,2023
211103,cd,2,2,0.0,0.0,0.00251,0.0019450000000000001,2023,2023
211103,hg,2,2,0.0,0.0,0.0001,,2023,2023
211103,pb,2,2,0.0,0.0,0.001,,2023,2023
211202,as,1,1,100.0,100.0,0.457,0.457,2015,2015
211202,cd,1,1,100.0,100.0,0.016,0.016,2015,2015
211202,hg,1,1,100.0,100.0,0.189,0.189,2015,2015
211202,pb,1,1,0.0,0.0,0.0006,0.0006,2015,2015
211203,as,6,6,0.0,0.0,0.007,,2015,2015
211203,cd,6,6,0.0,0.0,0.001,,2015,2015
211203,hg,6,6,0.0,0.0,0.0001,,2015,2015
211203,pb,6,6,0.0,0.0,0.001,,2015,2015
211206,as,37,23,0.0,0.0,0.00873,0.0021,2016,2022
211206,cd,54,24,3.7,0.0,0.0094,0.00096,2016,2025
211206,hg,54,24,3.7,3.7,0.00106,0.0005725,2016,2025
211206,pb,54,24,0.0,0.0,0.002,0.0010999999999999998,2016,2025
211210,as,1,1,0.0,0.0,0.00179,0.00179,2019,2019
211210,cd,1,1,100.0,0.0,0.00363,0.00363,2019,2019
211210,hg,1,1,0.0,0.0,7e-05,,2019,2019
211210,pb,1,1,0.0,0.0,6e-05,,2019,2019
220101,as,8,5,0.0,0.0,0.00134,0.0009500000000000001,2020,2024
220101,cd,8,5,0.0,0.0,0.0002,,2020,2024
220101,hg,8,5,0.0,0.0,0.0007,,2020,2024
220101,pb,8,5,0.0,0.0,0.00114,0.001,2020,2024
220104,as,3,3,0.0,0.0,0.00051,0.000485,2021,2021
220104,cd,3,3,0.0,0.0,1e-05,,2021,2021
220104,hg,3,3,0.0,0.0,7e-05,,2021,2021
220104,pb,3,3,0.0,0.0,6e-05,,2021,2021
220510,as,10,7,0.0,0.0,0.00172,0.00098,2019,2020
220510,cd,10,7,0.0,0.0,6e-05,2.5e-05,2019,2020
220510,hg,10,7,0.0,0.0,7e-05,,2019,2020
220510,pb,10,7,0.0,0.0,0.00182,0.000225,2019,2020
220803,as,4,4,0.0,0.0,0.001,,2022,2022
220803,cd,4,4,0.0,0.0,0.0002,,2022,2022
220803,hg,4,4,0.0,0.0,0.0001,,2022,2022
220803,pb,4,4,0.0,0.0,0.001,,2022,2022
220805,as,4,4,25.0,25.0,10.0,0.001,2022,2022
220805,cd,4,4,0.0,0.0,0.0002,0.0002,2022,2022
220805,hg,4,4,0.0,0.0,0.0001,,2022,2022
220805,pb,4,4,0.0,0.0,0.001,,2022,2022
221001,as,4,2,0.0,0.0,0.007,,2015,2015
221001,cd,4,2,0.0,0.0,0.0024,,2015,2015
221001,hg,4,2,0.0,0.0,0.00097,0.000835,2015,2015
221001,pb,4,2,0.0,0.0,0.004,,2015,2015
221002,as,4,2,0.0,0.0,0.007,,2015,2015
221002,cd,4,2,0.0,0.0,0.0024,,2015,2015
221002,hg,4,2,0.0,0.0,0.00074,0.000425,2015,2015
221002,pb,4,2,0.0,0.0,0.004,,2015,2015
221003,as,6,3,0.0,0.0,0.007,,2015,2015
221003,cd,6,3,0.0,0.0,0.0024,,2015,2015
221003,hg,6,3,0.0,0.0,0.0007,0.00064,2015,2015
221003,pb,6,3,0.0,0.0,0.004,,2015,2015
221005,as,5,3,0.0,0.0,0.007,,2015,2015
221005,cd,5,3,0.0,0.0,0.0024,,2015,2015
221005,hg,5,3,0.0,0.0,0.00042,0.00042,2015,2015
221005,pb,5,3,0.0,0.0,0.004,,2015,2015
230106,as,2,2,50.0,0.0,0.0466,0.0466,2024,2024
230106,cd,2,2,0.0,0.0,0.00031,0.00031,2024,2024
230106,hg,2,2,0.0,0.0,0.0001,,2024,2024
230106,pb,2,2,0.0,0.0,0.001,0.001,2024,2024
230107,as,47,21,78.7,59.6,3.378,0.138,2015,2023
230107,cd,51,22,15.7,15.7,0.06604,0.048615000000000005,2015,2025
230107,hg,51,22,2.0,2.0,1.0,,2015,2025
230107,pb,51,22,19.6,15.7,1.931,0.005885,2015,2025
230201,as,31,22,80.6,35.5,1.0327,0.036,2015,2025
230201,cd,31,22,0.0,0.0,0.002,2e-05,2015,2025
230201,hg,31,22,0.0,0.0,0.0001,0.0001,2015,2025
230201,pb,31,22,3.2,0.0,0.021,0.006,2015,2025
230203,as,8,7,25.0,0.0,0.019,0.018,2017,2022
230203,cd,8,7,0.0,0.0,0.001,,2017,2022
230203,hg,5,4,0.0,0.0,0.001,,2017,2022
230203,pb,8,7,0.0,0.0,0.004,0.004,2017,2022
230204,as,1,1,100.0,100.0,0.7007,0.7007,2019,2019
230204,cd,1,1,0.0,0.0,2e-05,2e-05,2019,2019
230204,hg,1,1,100.0,100.0,0.00119,0.00119,2019,2019
230204,pb,1,1,0.0,0.0,6e-05,,2019,2019
230206,as,1,1,100.0,100.0,0.70313,0.70313,2019,2019
230206,cd,1,1,0.0,0.0,2e-05,2e-05,2019,2019
230206,hg,1,1,100.0,100.0,0.00115,0.00115,2019,2019
230206,pb,1,1,0.0,0.0,6e-05,,2019,2019
230301,as,6,6,50.0,0.0,0.01735,0.01542,2017,2022
230301,cd,6,6,0.0,0.0,0.001,7e-05,2017,2022
230301,hg,6,6,0.0,0.0,0.0001,,2017,2022
230301,pb,6,6,0.0,0.0,0.001,0.00031,2017,2022
230302,as,10,7,10.0,0.0,0.03359,0.00783,2020,2025
230302,cd,10,7,0.0,0.0,0.002,0.000255,2020,2025
230302,hg,10,7,0.0,0.0,0.0001,7e-05,2020,2025
230302,pb,10,7,0.0,0.0,0.001,0.00011,2020,2025
230303,as,23,4,100.0,91.3,54.85,0.51231,2015,2025
230303,cd,23,4,0.0,0.0,0.0012,0.000145,2015,2025
230303,hg,23,4,0.0,0.0,0.0001,3e-05,2015,2025
230303,pb,23,4,8.7,8.7,0.0899,0.0018,2015,2025
230402,as,8,7,37.5,37.5,0.426,0.418,2015,2016
230402,cd,8,7,0.0,0.0,0.001,,2015,2016
230402,hg,8,7,0.0,0.0,0.0001,0.0001,2015,2016
230402,pb,8,7,0.0,0.0,0.006,0.005,2015,2016
230405,cd,1,1,0.0,0.0,0.0002,,2026,2026
230405,hg,1,1,0.0,0.0,8.5e-05,,2026,2026
230405,pb,1,1,0.0,0.0,0.0005,,2026,2026
250101,as,23,19,4.3,0.0,0.012,0.0033350000000000003,2015,2024
250101,cd,23,19,0.0,0.0,0.001,,2015,2024
250101,hg,23,19,0.0,0.0,0.0002,0.0002,2015,2024
250101,pb,23,19,0.0,0.0,0.009,0.0022,2015,2024
250102,as,7,7,0.0,0.0,0.007,0.002705,2016,2018
250102,cd,7,7,0.0,0.0,0.003,0.003,2016,2018
250102,hg,7,7,0.0,0.0,0.0001,,2016,2018
250102,pb,7,7,14.3,0.0,0.012,0.0046,2016,2018
250104,as,1,1,0.0,0.0,0.007,,2015,2015
250104,cd,1,1,0.0,0.0,0.001,,2015,2015
250104,hg,1,1,0.0,0.0,0.0001,,2015,2015
250104,pb,1,1,0.0,0.0,0.007,0.007,2015,2015
250107,cd,1,1,0.0,0.0,0.0002,,2026,2026
250107,hg,1,1,0.0,0.0,8.5e-05,,2026,2026
250107,pb,1,1,0.0,0.0,0.0005,,2026,2026
250202,as,9,6,0.0,0.0,0.007,0.00549,2017,2018
250202,cd,9,6,0.0,0.0,0.001,,2017,2018
250202,hg,9,6,0.0,0.0,0.0001,0.0001,2017,2018
250202,pb,9,6,0.0,0.0,0.007,0.005,2017,2018
250301,as,10,5,0.0,0.0,0.007,,2015,2015
250301,cd,10,5,0.0,0.0,0.0024,,2015,2015
250301,hg,10,5,10.0,10.0,0.00147,0.00047,2015,2015
250301,pb,10,5,0.0,0.0,0.008,0.008,2015,2015
250302,as,9,8,0.0,0.0,0.007,,2015,2023
250302,cd,9,8,0.0,0.0,0.0024,,2015,2023
250302,hg,9,8,0.0,0.0,0.00013,0.00013,2015,2023
250302,pb,9,8,0.0,0.0,0.004,,2015,2023
250303,as,15,9,0.0,0.0,0.007,0.00136,2015,2022
250303,cd,15,9,0.0,0.0,0.0024,,2015,2022
250303,hg,15,9,0.0,0.0,0.00015,0.00015,2015,2022
250303,pb,15,9,0.0,0.0,0.004,0.0015,2015,2022
